{
    "session_id":  "162ed664-f0db-4552-8e57-d4b41825dec1",
    "start_time":  "2022-08-31T19:18:43.164692Z",
    "end_time":  "2022-08-31T19:18:56.408374Z",
    "hosts":  {
                  "start_time":  "2022-08-31T19:18:43.320953Z",
                  "end_time":  "2022-08-31T19:18:56.627122Z",
                  "host_name":  "win-host-mhaag-attack-range-117",
                  "host_key":  "",
                  "machine_type":  "victim",
                  "os_type":  "windows",
                  "os_version":  "Microsoft Windows Server 2016 Datacenter"
              }
}
