[
    {
        "ParentProcessId":  0,
        "ProcessId":  0,
        "ProcessName":  "System Idle Process",
        "Path":  null,
        "CommandLine":  null,
        "Description":  "System Idle Process",
        "CreationDate":  "2022-08-29T12:46:17.556504Z",
        "User":  null
    },
    {
        "ParentProcessId":  0,
        "ProcessId":  4,
        "ProcessName":  "System",
        "Path":  null,
        "CommandLine":  null,
        "Description":  "System",
        "CreationDate":  "2022-08-29T12:46:17.556504Z",
        "User":  null
    },
    {
        "ParentProcessId":  4,
        "ProcessId":  320,
        "ProcessName":  "smss.exe",
        "Path":  null,
        "CommandLine":  null,
        "Description":  "smss.exe",
        "CreationDate":  "2022-08-29T12:46:17.565659Z",
        "User":  null
    },
    {
        "ParentProcessId":  408,
        "ProcessId":  416,
        "ProcessName":  "csrss.exe",
        "Path":  null,
        "CommandLine":  null,
        "Description":  "csrss.exe",
        "CreationDate":  "2022-08-29T12:46:19.430487Z",
        "User":  null
    },
    {
        "ParentProcessId":  408,
        "ProcessId":  492,
        "ProcessName":  "wininit.exe",
        "Path":  null,
        "CommandLine":  null,
        "Description":  "wininit.exe",
        "CreationDate":  "2022-08-29T12:46:19.527254Z",
        "User":  null
    },
    {
        "ParentProcessId":  484,
        "ProcessId":  500,
        "ProcessName":  "csrss.exe",
        "Path":  null,
        "CommandLine":  null,
        "Description":  "csrss.exe",
        "CreationDate":  "2022-08-29T12:46:19.531203Z",
        "User":  null
    },
    {
        "ParentProcessId":  484,
        "ProcessId":  576,
        "ProcessName":  "winlogon.exe",
        "Path":  "C:\\Windows\\system32\\winlogon.exe",
        "CommandLine":  "winlogon.exe",
        "Description":  "winlogon.exe",
        "CreationDate":  "2022-08-29T12:46:19.568696Z",
        "User":  null
    },
    {
        "ParentProcessId":  492,
        "ProcessId":  628,
        "ProcessName":  "services.exe",
        "Path":  null,
        "CommandLine":  null,
        "Description":  "services.exe",
        "CreationDate":  "2022-08-29T12:46:19.682439Z",
        "User":  null
    },
    {
        "ParentProcessId":  492,
        "ProcessId":  636,
        "ProcessName":  "lsass.exe",
        "Path":  "C:\\Windows\\system32\\lsass.exe",
        "CommandLine":  "C:\\Windows\\system32\\lsass.exe",
        "Description":  "lsass.exe",
        "CreationDate":  "2022-08-29T12:46:19.726987Z",
        "User":  null
    },
    {
        "ParentProcessId":  628,
        "ProcessId":  732,
        "ProcessName":  "svchost.exe",
        "Path":  "C:\\Windows\\system32\\svchost.exe",
        "CommandLine":  "C:\\Windows\\system32\\svchost.exe -k DcomLaunch",
        "Description":  "svchost.exe",
        "CreationDate":  "2022-08-29T12:46:20.025222Z",
        "User":  null
    },
    {
        "ParentProcessId":  628,
        "ProcessId":  792,
        "ProcessName":  "svchost.exe",
        "Path":  "C:\\Windows\\system32\\svchost.exe",
        "CommandLine":  "C:\\Windows\\system32\\svchost.exe -k RPCSS",
        "Description":  "svchost.exe",
        "CreationDate":  "2022-08-29T12:46:20.143839Z",
        "User":  null
    },
    {
        "ParentProcessId":  576,
        "ProcessId":  904,
        "ProcessName":  "LogonUI.exe",
        "Path":  "C:\\Windows\\system32\\LogonUI.exe",
        "CommandLine":  "\"LogonUI.exe\" /flags:0x2 /state0:0xa3b9a055 /state1:0x41c64e6d",
        "Description":  "LogonUI.exe",
        "CreationDate":  "2022-08-29T12:46:20.290994Z",
        "User":  null
    },
    {
        "ParentProcessId":  576,
        "ProcessId":  912,
        "ProcessName":  "dwm.exe",
        "Path":  "C:\\Windows\\system32\\dwm.exe",
        "CommandLine":  "\"dwm.exe\"",
        "Description":  "dwm.exe",
        "CreationDate":  "2022-08-29T12:46:20.292941Z",
        "User":  null
    },
    {
        "ParentProcessId":  628,
        "ProcessId":  944,
        "ProcessName":  "svchost.exe",
        "Path":  "C:\\Windows\\System32\\svchost.exe",
        "CommandLine":  "C:\\Windows\\System32\\svchost.exe -k termsvcs",
        "Description":  "svchost.exe",
        "CreationDate":  "2022-08-29T12:46:20.302213Z",
        "User":  null
    },
    {
        "ParentProcessId":  628,
        "ProcessId":  972,
        "ProcessName":  "svchost.exe",
        "Path":  "C:\\Windows\\System32\\svchost.exe",
        "CommandLine":  "C:\\Windows\\System32\\svchost.exe -k LocalServiceNetworkRestricted",
        "Description":  "svchost.exe",
        "CreationDate":  "2022-08-29T12:46:20.315806Z",
        "User":  null
    },
    {
        "ParentProcessId":  628,
        "ProcessId":  288,
        "ProcessName":  "svchost.exe",
        "Path":  "C:\\Windows\\System32\\svchost.exe",
        "CommandLine":  "C:\\Windows\\System32\\svchost.exe -k LocalSystemNetworkRestricted",
        "Description":  "svchost.exe",
        "CreationDate":  "2022-08-29T12:46:20.328833Z",
        "User":  null
    },
    {
        "ParentProcessId":  628,
        "ProcessId":  844,
        "ProcessName":  "svchost.exe",
        "Path":  "C:\\Windows\\system32\\svchost.exe",
        "CommandLine":  "C:\\Windows\\system32\\svchost.exe -k LocalServiceNoNetwork",
        "Description":  "svchost.exe",
        "CreationDate":  "2022-08-29T12:46:20.424807Z",
        "User":  null
    },
    {
        "ParentProcessId":  628,
        "ProcessId":  1032,
        "ProcessName":  "svchost.exe",
        "Path":  "C:\\Windows\\system32\\svchost.exe",
        "CommandLine":  "C:\\Windows\\system32\\svchost.exe -k netsvcs",
        "Description":  "svchost.exe",
        "CreationDate":  "2022-08-29T12:46:20.436409Z",
        "User":  null
    },
    {
        "ParentProcessId":  628,
        "ProcessId":  1040,
        "ProcessName":  "svchost.exe",
        "Path":  "C:\\Windows\\system32\\svchost.exe",
        "CommandLine":  "C:\\Windows\\system32\\svchost.exe -k LocalService",
        "Description":  "svchost.exe",
        "CreationDate":  "2022-08-29T12:46:20.436592Z",
        "User":  null
    },
    {
        "ParentProcessId":  628,
        "ProcessId":  1188,
        "ProcessName":  "svchost.exe",
        "Path":  "C:\\Windows\\system32\\svchost.exe",
        "CommandLine":  "C:\\Windows\\system32\\svchost.exe -k NetworkService",
        "Description":  "svchost.exe",
        "CreationDate":  "2022-08-29T12:46:20.506720Z",
        "User":  null
    },
    {
        "ParentProcessId":  628,
        "ProcessId":  1196,
        "ProcessName":  "svchost.exe",
        "Path":  "C:\\Windows\\system32\\svchost.exe",
        "CommandLine":  "C:\\Windows\\system32\\svchost.exe -k LocalServiceNetworkRestricted",
        "Description":  "svchost.exe",
        "CreationDate":  "2022-08-29T12:46:20.507109Z",
        "User":  null
    },
    {
        "ParentProcessId":  628,
        "ProcessId":  1788,
        "ProcessName":  "spoolsv.exe",
        "Path":  "C:\\Windows\\System32\\spoolsv.exe",
        "CommandLine":  "C:\\Windows\\System32\\spoolsv.exe",
        "Description":  "spoolsv.exe",
        "CreationDate":  "2022-08-29T12:46:20.822427Z",
        "User":  null
    },
    {
        "ParentProcessId":  628,
        "ProcessId":  1948,
        "ProcessName":  "svchost.exe",
        "Path":  "C:\\Windows\\system32\\svchost.exe",
        "CommandLine":  "C:\\Windows\\system32\\svchost.exe -k apphost",
        "Description":  "svchost.exe",
        "CreationDate":  "2022-08-29T12:46:20.860153Z",
        "User":  null
    },
    {
        "ParentProcessId":  628,
        "ProcessId":  1960,
        "ProcessName":  "svchost.exe",
        "Path":  "C:\\Windows\\system32\\svchost.exe",
        "CommandLine":  "C:\\Windows\\system32\\svchost.exe -k iissvcs",
        "Description":  "svchost.exe",
        "CreationDate":  "2022-08-29T12:46:20.861890Z",
        "User":  null
    },
    {
        "ParentProcessId":  628,
        "ProcessId":  2000,
        "ProcessName":  "amazon-ssm-agent.exe",
        "Path":  "C:\\Program Files\\Amazon\\SSM\\amazon-ssm-agent.exe",
        "CommandLine":  "\"C:\\Program Files\\Amazon\\SSM\\amazon-ssm-agent.exe\"",
        "Description":  "amazon-ssm-agent.exe",
        "CreationDate":  "2022-08-29T12:46:20.871401Z",
        "User":  null
    },
    {
        "ParentProcessId":  628,
        "ProcessId":  1260,
        "ProcessName":  "svchost.exe",
        "Path":  "C:\\Windows\\System32\\svchost.exe",
        "CommandLine":  "C:\\Windows\\System32\\svchost.exe -k smbsvcs",
        "Description":  "svchost.exe",
        "CreationDate":  "2022-08-29T12:46:20.913982Z",
        "User":  null
    },
    {
        "ParentProcessId":  628,
        "ProcessId":  1240,
        "ProcessName":  "inetinfo.exe",
        "Path":  "C:\\Windows\\system32\\inetsrv\\inetinfo.exe",
        "CommandLine":  "C:\\Windows\\system32\\inetsrv\\inetinfo.exe",
        "Description":  "inetinfo.exe",
        "CreationDate":  "2022-08-29T12:46:20.915428Z",
        "User":  null
    },
    {
        "ParentProcessId":  628,
        "ProcessId":  1532,
        "ProcessName":  "mqsvc.exe",
        "Path":  "C:\\Windows\\system32\\mqsvc.exe",
        "CommandLine":  "C:\\Windows\\system32\\mqsvc.exe",
        "Description":  "mqsvc.exe",
        "CreationDate":  "2022-08-29T12:46:20.925626Z",
        "User":  null
    },
    {
        "ParentProcessId":  628,
        "ProcessId":  1800,
        "ProcessName":  "WMSvc.exe",
        "Path":  "C:\\Windows\\system32\\inetsrv\\wmsvc.exe",
        "CommandLine":  "C:\\Windows\\system32\\inetsrv\\wmsvc.exe",
        "Description":  "WMSvc.exe",
        "CreationDate":  "2022-08-29T12:46:20.943330Z",
        "User":  null
    },
    {
        "ParentProcessId":  628,
        "ProcessId":  2056,
        "ProcessName":  "SMSvcHost.exe",
        "Path":  "C:\\Windows\\Microsoft.NET\\Framework64\\v4.0.30319\\SMSvcHost.exe",
        "CommandLine":  "C:\\Windows\\Microsoft.NET\\Framework64\\v4.0.30319\\SMSvcHost.exe",
        "Description":  "SMSvcHost.exe",
        "CreationDate":  "2022-08-29T12:46:20.947203Z",
        "User":  null
    },
    {
        "ParentProcessId":  628,
        "ProcessId":  2084,
        "ProcessName":  "sqlwriter.exe",
        "Path":  "C:\\Program Files\\Microsoft SQL Server\\90\\Shared\\sqlwriter.exe",
        "CommandLine":  "\"C:\\Program Files\\Microsoft SQL Server\\90\\Shared\\sqlwriter.exe\"",
        "Description":  "sqlwriter.exe",
        "CreationDate":  "2022-08-29T12:46:21.000996Z",
        "User":  null
    },
    {
        "ParentProcessId":  628,
        "ProcessId":  2116,
        "ProcessName":  "svchost.exe",
        "Path":  "C:\\Windows\\system32\\svchost.exe",
        "CommandLine":  "C:\\Windows\\system32\\svchost.exe -k appmodel",
        "Description":  "svchost.exe",
        "CreationDate":  "2022-08-29T12:46:21.053905Z",
        "User":  null
    },
    {
        "ParentProcessId":  628,
        "ProcessId":  2244,
        "ProcessName":  "TeamViewer_Service.exe",
        "Path":  "C:\\Program Files (x86)\\TeamViewer\\TeamViewer_Service.exe",
        "CommandLine":  "\"C:\\Program Files (x86)\\TeamViewer\\TeamViewer_Service.exe\"",
        "Description":  "TeamViewer_Service.exe",
        "CreationDate":  "2022-08-29T12:46:21.095619Z",
        "User":  null
    },
    {
        "ParentProcessId":  628,
        "ProcessId":  2756,
        "ProcessName":  "svchost.exe",
        "Path":  "C:\\Windows\\system32\\svchost.exe",
        "CommandLine":  "C:\\Windows\\system32\\svchost.exe -k NetworkServiceNetworkRestricted",
        "Description":  "svchost.exe",
        "CreationDate":  "2022-08-29T12:46:21.556270Z",
        "User":  null
    },
    {
        "ParentProcessId":  628,
        "ProcessId":  2336,
        "ProcessName":  "SMSvcHost.exe",
        "Path":  "C:\\Windows\\Microsoft.NET\\Framework64\\v4.0.30319\\SMSvcHost.exe",
        "CommandLine":  "\"C:\\Windows\\Microsoft.NET\\Framework64\\v4.0.30319\\SMSvcHost.exe\" -NetMsmqActivator",
        "Description":  "SMSvcHost.exe",
        "CreationDate":  "2022-08-29T12:46:21.723246Z",
        "User":  null
    },
    {
        "ParentProcessId":  2000,
        "ProcessId":  3880,
        "ProcessName":  "ssm-agent-worker.exe",
        "Path":  "C:\\Program Files\\Amazon\\SSM\\ssm-agent-worker.exe",
        "CommandLine":  "\"C:\\Program Files\\Amazon\\SSM\\ssm-agent-worker.exe\"",
        "Description":  "ssm-agent-worker.exe",
        "CreationDate":  "2022-08-29T12:46:23.178281Z",
        "User":  null
    },
    {
        "ParentProcessId":  3880,
        "ProcessId":  3948,
        "ProcessName":  "conhost.exe",
        "Path":  "C:\\Windows\\system32\\conhost.exe",
        "CommandLine":  "\\??\\C:\\Windows\\system32\\conhost.exe 0x4",
        "Description":  "conhost.exe",
        "CreationDate":  "2022-08-29T12:46:23.368831Z",
        "User":  null
    },
    {
        "ParentProcessId":  732,
        "ProcessId":  3412,
        "ProcessName":  "WmiPrvSE.exe",
        "Path":  "C:\\Windows\\system32\\wbem\\wmiprvse.exe",
        "CommandLine":  "C:\\Windows\\system32\\wbem\\wmiprvse.exe",
        "Description":  "WmiPrvSE.exe",
        "CreationDate":  "2022-08-29T12:46:24.031651Z",
        "User":  null
    },
    {
        "ParentProcessId":  628,
        "ProcessId":  4708,
        "ProcessName":  "msdtc.exe",
        "Path":  "C:\\Windows\\System32\\msdtc.exe",
        "CommandLine":  "C:\\Windows\\System32\\msdtc.exe",
        "Description":  "msdtc.exe",
        "CreationDate":  "2022-08-29T12:48:23.857678Z",
        "User":  null
    },
    {
        "ParentProcessId":  628,
        "ProcessId":  4772,
        "ProcessName":  "ScreenConnect.Service.exe",
        "Path":  "C:\\Program Files (x86)\\ScreenConnect\\Bin\\ScreenConnect.Service.exe",
        "CommandLine":  "\"C:\\Program Files (x86)\\ScreenConnect\\Bin\\ScreenConnect.Service.exe\"",
        "Description":  "ScreenConnect.Service.exe",
        "CreationDate":  "2022-08-29T12:48:24.076759Z",
        "User":  null
    },
    {
        "ParentProcessId":  4164,
        "ProcessId":  4212,
        "ProcessName":  "csrss.exe",
        "Path":  null,
        "CommandLine":  null,
        "Description":  "csrss.exe",
        "CreationDate":  "2022-08-29T12:57:38.119219Z",
        "User":  null
    },
    {
        "ParentProcessId":  4164,
        "ProcessId":  4332,
        "ProcessName":  "winlogon.exe",
        "Path":  "C:\\Windows\\system32\\winlogon.exe",
        "CommandLine":  "winlogon.exe",
        "Description":  "winlogon.exe",
        "CreationDate":  "2022-08-29T12:57:38.157262Z",
        "User":  null
    },
    {
        "ParentProcessId":  4332,
        "ProcessId":  4628,
        "ProcessName":  "dwm.exe",
        "Path":  "C:\\Windows\\system32\\dwm.exe",
        "CommandLine":  "\"dwm.exe\"",
        "Description":  "dwm.exe",
        "CreationDate":  "2022-08-29T12:57:38.663745Z",
        "User":  null
    },
    {
        "ParentProcessId":  944,
        "ProcessId":  508,
        "ProcessName":  "rdpclip.exe",
        "Path":  "C:\\Windows\\System32\\rdpclip.exe",
        "CommandLine":  "rdpclip",
        "Description":  "rdpclip.exe",
        "CreationDate":  "2022-08-29T12:57:40.083958Z",
        "User":  null
    },
    {
        "ParentProcessId":  732,
        "ProcessId":  3404,
        "ProcessName":  "RuntimeBroker.exe",
        "Path":  "C:\\Windows\\System32\\RuntimeBroker.exe",
        "CommandLine":  "C:\\Windows\\System32\\RuntimeBroker.exe -Embedding",
        "Description":  "RuntimeBroker.exe",
        "CreationDate":  "2022-08-29T12:57:40.132829Z",
        "User":  null
    },
    {
        "ParentProcessId":  1032,
        "ProcessId":  3264,
        "ProcessName":  "sihost.exe",
        "Path":  "C:\\Windows\\system32\\sihost.exe",
        "CommandLine":  "sihost.exe",
        "Description":  "sihost.exe",
        "CreationDate":  "2022-08-29T12:57:40.256960Z",
        "User":  null
    },
    {
        "ParentProcessId":  628,
        "ProcessId":  812,
        "ProcessName":  "svchost.exe",
        "Path":  "C:\\Windows\\system32\\svchost.exe",
        "CommandLine":  "C:\\Windows\\system32\\svchost.exe -k UnistackSvcGroup",
        "Description":  "svchost.exe",
        "CreationDate":  "2022-08-29T12:57:40.263765Z",
        "User":  null
    },
    {
        "ParentProcessId":  1032,
        "ProcessId":  1016,
        "ProcessName":  "taskhostw.exe",
        "Path":  "C:\\Windows\\system32\\taskhostw.exe",
        "CommandLine":  "taskhostw.exe {222A245B-E637-4AE9-A93F-A59CA119A75E}",
        "Description":  "taskhostw.exe",
        "CreationDate":  "2022-08-29T12:57:40.291846Z",
        "User":  null
    },
    {
        "ParentProcessId":  4156,
        "ProcessId":  5396,
        "ProcessName":  "g2ax_start.exe",
        "Path":  "C:\\Program Files (x86)\\GoToAssist Remote Support Expert\\1702\\g2ax_start.exe",
        "CommandLine":  "\"C:\\Program Files (x86)\\GoToAssist Remote Support Expert\\1702\\g2ax_start.exe\" \"/Trigger RunAtLogon\"",
        "Description":  "g2ax_start.exe",
        "CreationDate":  "2022-08-29T12:57:53.070895Z",
        "User":  null
    },
    {
        "ParentProcessId":  5396,
        "ProcessId":  5444,
        "ProcessName":  "g2ax_comm_expert.exe",
        "Path":  "C:\\Program Files (x86)\\GoToAssist Remote Support Expert\\1702\\g2ax_comm_expert.exe",
        "CommandLine":  "\"C:\\Program Files (x86)\\GoToAssist Remote Support Expert\\1702\\g2ax_comm_expert.exe\" \"Digest=71c703ea85154a4e246a04c6b40dedc1\u0026LoaderPath=C:\\Program Files (x86)\\GoToAssist Remote Support Expert\\1702\\g2ax_start.exe\u0026LogName=c:\\users\\admini~1\\appdata\\local\\temp\\2\\logmeinlogs\\gotoassist remote support expert\\1702\\20220829_125753\\GoToAssist Remote Support Expert.log\u0026ResourceDll=g2ax_expert_resource_win32_x86_en_US.dll\u0026Trigger=RunAtLogon\u0026UniqueId=1514\"",
        "Description":  "g2ax_comm_expert.exe",
        "CreationDate":  "2022-08-29T12:57:53.889799Z",
        "User":  null
    },
    {
        "ParentProcessId":  732,
        "ProcessId":  5520,
        "ProcessName":  "WmiPrvSE.exe",
        "Path":  "C:\\Windows\\system32\\wbem\\wmiprvse.exe",
        "CommandLine":  "C:\\Windows\\system32\\wbem\\wmiprvse.exe",
        "Description":  "WmiPrvSE.exe",
        "CreationDate":  "2022-08-29T12:57:54.111201Z",
        "User":  null
    },
    {
        "ParentProcessId":  5444,
        "ProcessId":  5616,
        "ProcessName":  "g2ax_user_expert.exe",
        "Path":  "C:\\Program Files (x86)\\GoToAssist Remote Support Expert\\1702\\g2ax_user_expert.exe",
        "CommandLine":  "\"C:\\Program Files (x86)\\GoToAssist Remote Support Expert\\1702\\g2ax_user_expert.exe\" \"StartID={5961D988-A478-40A7-AC6C-C0AD3C944E33}\u0026ResourceDll=g2ax_expert_resource_win32_x86_en_US.dll\u0026Debug=Off\u0026Stat=On\u0026StatDb=On\u0026Index=0\"",
        "Description":  "g2ax_user_expert.exe",
        "CreationDate":  "2022-08-29T12:57:54.193107Z",
        "User":  null
    },
    {
        "ParentProcessId":  3136,
        "ProcessId":  4104,
        "ProcessName":  "powershell.exe",
        "Path":  "C:\\Windows\\System32\\WindowsPowerShell\\v1.0\\powershell.exe",
        "CommandLine":  "\"powershell.exe\" \u0026 {reg.exe export HKLM\\SYSTEM\\CurrentControlSet\\Control\\Lsa\\ C:\\AtomicRedTeam\\atomics\\T1556.002\\lsa_backup.reg\n$passwordFilterName = (Copy-Item \\\"\"C:\\AtomicRedTeam\\atomics\\T1556.002\\bin\\AtomicRedTeamPWFilter.dll\\\"\" -Destination \\\"\"C:\\Windows\\System32\\\"\" -PassThru).basename\n$lsaKey = Get-Item \\\"\"HKLM:\\SYSTEM\\CurrentControlSet\\Control\\Lsa\\\\\"\"\n$notificationPackagesValues = $lsaKey.GetValue(\\\"\"Notification Packages\\\"\")\n$notificationPackagesValues += $passwordFilterName\nSet-ItemProperty \\\"\"HKLM:\\SYSTEM\\CurrentControlSet\\Control\\Lsa\\\\\"\" \\\"\"Notification Packages\\\"\" $notificationPackagesValues}",
        "Description":  "powershell.exe",
        "CreationDate":  "2022-08-29T16:26:32.449346Z",
        "User":  null
    },
    {
        "ParentProcessId":  4104,
        "ProcessId":  3804,
        "ProcessName":  "conhost.exe",
        "Path":  "C:\\Windows\\system32\\conhost.exe",
        "CommandLine":  "\\??\\C:\\Windows\\system32\\conhost.exe 0x4",
        "Description":  "conhost.exe",
        "CreationDate":  "2022-08-29T16:26:32.467096Z",
        "User":  null
    },
    {
        "ParentProcessId":  4104,
        "ProcessId":  3916,
        "ProcessName":  "reg.exe",
        "Path":  "C:\\Windows\\system32\\reg.exe",
        "CommandLine":  "\"C:\\Windows\\system32\\reg.exe\" export HKLM\\SYSTEM\\CurrentControlSet\\Control\\Lsa\\ C:\\AtomicRedTeam\\atomics\\T1556.002\\lsa_backup.reg",
        "Description":  "reg.exe",
        "CreationDate":  "2022-08-29T16:26:33.760781Z",
        "User":  null
    },
    {
        "ParentProcessId":  1032,
        "ProcessId":  3160,
        "ProcessName":  "taskhostw.exe",
        "Path":  "C:\\Windows\\system32\\taskhostw.exe",
        "CommandLine":  "taskhostw.exe",
        "Description":  "taskhostw.exe",
        "CreationDate":  "2022-08-29T16:33:26.430696Z",
        "User":  null
    },
    {
        "ParentProcessId":  4156,
        "ProcessId":  3596,
        "ProcessName":  "notepad++.exe",
        "Path":  "C:\\Program Files\\Notepad++\\notepad++.exe",
        "CommandLine":  "\"C:\\Program Files\\Notepad++\\notepad++.exe\" ",
        "Description":  "notepad++.exe",
        "CreationDate":  "2022-08-29T16:34:12.259720Z",
        "User":  null
    },
    {
        "ParentProcessId":  3136,
        "ProcessId":  8656,
        "ProcessName":  "powershell.exe",
        "Path":  "C:\\Windows\\System32\\WindowsPowerShell\\v1.0\\powershell.exe",
        "CommandLine":  "\"powershell.exe\" \u0026 {reg.exe export HKLM\\SYSTEM\\CurrentControlSet\\Control\\Lsa\\ C:\\AtomicRedTeam\\atomics\\T1556.002\\lsa_backup.reg\n$passwordFilterName = (Copy-Item \\\"\"C:\\AtomicRedTeam\\atomics\\T1556.002\\bin\\AtomicRedTeamPWFilter.dll\\\"\" -Destination \\\"\"C:\\Windows\\System32\\\"\" -PassThru).basename\n$lsaKey = Get-Item \\\"\"HKLM:\\SYSTEM\\CurrentControlSet\\Control\\Lsa\\\\\"\"\n$notificationPackagesValues = $lsaKey.GetValue(\\\"\"Notification Packages\\\"\")\n$notificationPackagesValues += $passwordFilterName\nSet-ItemProperty \\\"\"HKLM:\\SYSTEM\\CurrentControlSet\\Control\\Lsa\\\\\"\" \\\"\"Notification Packages\\\"\" $notificationPackagesValues}",
        "Description":  "powershell.exe",
        "CreationDate":  "2022-08-29T16:52:56.380954Z",
        "User":  null
    },
    {
        "ParentProcessId":  8656,
        "ProcessId":  7508,
        "ProcessName":  "conhost.exe",
        "Path":  "C:\\Windows\\system32\\conhost.exe",
        "CommandLine":  "\\??\\C:\\Windows\\system32\\conhost.exe 0x4",
        "Description":  "conhost.exe",
        "CreationDate":  "2022-08-29T16:52:56.389629Z",
        "User":  null
    },
    {
        "ParentProcessId":  8656,
        "ProcessId":  8148,
        "ProcessName":  "reg.exe",
        "Path":  "C:\\Windows\\system32\\reg.exe",
        "CommandLine":  "\"C:\\Windows\\system32\\reg.exe\" export HKLM\\SYSTEM\\CurrentControlSet\\Control\\Lsa\\ C:\\AtomicRedTeam\\atomics\\T1556.002\\lsa_backup.reg",
        "Description":  "reg.exe",
        "CreationDate":  "2022-08-29T16:52:56.598250Z",
        "User":  null
    },
    {
        "ParentProcessId":  628,
        "ProcessId":  6484,
        "ProcessName":  "svchost.exe",
        "Path":  "C:\\Windows\\system32\\svchost.exe",
        "CommandLine":  "C:\\Windows\\system32\\svchost.exe -k LocalServiceAndNoImpersonation",
        "Description":  "svchost.exe",
        "CreationDate":  "2022-08-31T00:44:41.810930Z",
        "User":  null
    },
    {
        "ParentProcessId":  4332,
        "ProcessId":  6956,
        "ProcessName":  "explorer.exe",
        "Path":  "C:\\Windows\\explorer.exe",
        "CommandLine":  "explorer.exe",
        "Description":  "explorer.exe",
        "CreationDate":  "2022-08-31T15:32:34.292442Z",
        "User":  null
    },
    {
        "ParentProcessId":  732,
        "ProcessId":  7276,
        "ProcessName":  "ShellExperienceHost.exe",
        "Path":  "C:\\Windows\\SystemApps\\ShellExperienceHost_cw5n1h2txyewy\\ShellExperienceHost.exe",
        "CommandLine":  "\"C:\\Windows\\SystemApps\\ShellExperienceHost_cw5n1h2txyewy\\ShellExperienceHost.exe\" -ServerName:App.AppXtk181tbxbce2qsex02s8tw7hfxa9xb3t.mca",
        "Description":  "ShellExperienceHost.exe",
        "CreationDate":  "2022-08-31T15:32:35.127568Z",
        "User":  null
    },
    {
        "ParentProcessId":  732,
        "ProcessId":  8920,
        "ProcessName":  "SearchUI.exe",
        "Path":  "C:\\Windows\\SystemApps\\Microsoft.Windows.Cortana_cw5n1h2txyewy\\SearchUI.exe",
        "CommandLine":  "\"C:\\Windows\\SystemApps\\Microsoft.Windows.Cortana_cw5n1h2txyewy\\SearchUI.exe\" -ServerName:CortanaUI.AppXa50dqqa5gqv4a428c9y1jjw7m3btvepj.mca",
        "Description":  "SearchUI.exe",
        "CreationDate":  "2022-08-31T15:32:35.638464Z",
        "User":  null
    },
    {
        "ParentProcessId":  628,
        "ProcessId":  4704,
        "ProcessName":  "sysmon64.exe",
        "Path":  "C:\\Windows\\sysmon64.exe",
        "CommandLine":  "C:\\Windows\\sysmon64.exe",
        "Description":  "sysmon64.exe",
        "CreationDate":  "2022-08-31T15:32:59.293251Z",
        "User":  null
    },
    {
        "ParentProcessId":  732,
        "ProcessId":  1636,
        "ProcessName":  "unsecapp.exe",
        "Path":  "C:\\Windows\\system32\\wbem\\unsecapp.exe",
        "CommandLine":  "C:\\Windows\\system32\\wbem\\unsecapp.exe -Embedding",
        "Description":  "unsecapp.exe",
        "CreationDate":  "2022-08-31T15:32:59.323940Z",
        "User":  null
    },
    {
        "ParentProcessId":  7424,
        "ProcessId":  7484,
        "ProcessName":  "powershell.exe",
        "Path":  "C:\\Windows\\System32\\WindowsPowerShell\\v1.0\\powershell.exe",
        "CommandLine":  "\"powershell.exe\" \u0026 {reg.exe export HKLM\\SYSTEM\\CurrentControlSet\\Control\\Lsa\\ C:\\AtomicRedTeam\\atomics\\T1556.002\\lsa_backup.reg\n$passwordFilterName = (Copy-Item \\\"\"C:\\AtomicRedTeam\\atomics\\T1556.002\\bin\\AtomicRedTeamPWFilter.dll\\\"\" -Destination \\\"\"C:\\Windows\\System32\\\"\" -PassThru).basename\n$lsaKey = Get-Item \\\"\"HKLM:\\SYSTEM\\CurrentControlSet\\Control\\Lsa\\\\\"\"\n$notificationPackagesValues = $lsaKey.GetValue(\\\"\"Notification Packages\\\"\")\n$notificationPackagesValues += $passwordFilterName\nSet-ItemProperty \\\"\"HKLM:\\SYSTEM\\CurrentControlSet\\Control\\Lsa\\\\\"\" \\\"\"Notification Packages\\\"\" $notificationPackagesValues}",
        "Description":  "powershell.exe",
        "CreationDate":  "2022-08-31T15:58:25.719577Z",
        "User":  null
    },
    {
        "ParentProcessId":  7484,
        "ProcessId":  6052,
        "ProcessName":  "conhost.exe",
        "Path":  "C:\\Windows\\system32\\conhost.exe",
        "CommandLine":  "\\??\\C:\\Windows\\system32\\conhost.exe 0x4",
        "Description":  "conhost.exe",
        "CreationDate":  "2022-08-31T15:58:25.727866Z",
        "User":  null
    },
    {
        "ParentProcessId":  7484,
        "ProcessId":  7104,
        "ProcessName":  "reg.exe",
        "Path":  "C:\\Windows\\system32\\reg.exe",
        "CommandLine":  "\"C:\\Windows\\system32\\reg.exe\" export HKLM\\SYSTEM\\CurrentControlSet\\Control\\Lsa\\ C:\\AtomicRedTeam\\atomics\\T1556.002\\lsa_backup.reg",
        "Description":  "reg.exe",
        "CreationDate":  "2022-08-31T15:58:27.035979Z",
        "User":  null
    },
    {
        "ParentProcessId":  6956,
        "ProcessId":  1984,
        "ProcessName":  "powershell.exe",
        "Path":  "C:\\Windows\\System32\\WindowsPowerShell\\v1.0\\powershell.exe",
        "CommandLine":  "\"C:\\Windows\\System32\\WindowsPowerShell\\v1.0\\powershell.exe\" ",
        "Description":  "powershell.exe",
        "CreationDate":  "2022-08-31T17:26:54.726160Z",
        "User":  null
    },
    {
        "ParentProcessId":  1984,
        "ProcessId":  6496,
        "ProcessName":  "conhost.exe",
        "Path":  "C:\\Windows\\system32\\conhost.exe",
        "CommandLine":  "\\??\\C:\\Windows\\system32\\conhost.exe 0x4",
        "Description":  "conhost.exe",
        "CreationDate":  "2022-08-31T17:26:54.731002Z",
        "User":  null
    },
    {
        "ParentProcessId":  6956,
        "ProcessId":  3212,
        "ProcessName":  "powershell.exe",
        "Path":  "C:\\Windows\\System32\\WindowsPowerShell\\v1.0\\powershell.exe",
        "CommandLine":  "\"C:\\Windows\\System32\\WindowsPowerShell\\v1.0\\powershell.exe\" ",
        "Description":  "powershell.exe",
        "CreationDate":  "2022-08-31T19:12:43.552408Z",
        "User":  null
    },
    {
        "ParentProcessId":  3212,
        "ProcessId":  892,
        "ProcessName":  "conhost.exe",
        "Path":  "C:\\Windows\\system32\\conhost.exe",
        "CommandLine":  "\\??\\C:\\Windows\\system32\\conhost.exe 0x4",
        "Description":  "conhost.exe",
        "CreationDate":  "2022-08-31T19:12:43.558082Z",
        "User":  null
    },
    {
        "ParentProcessId":  628,
        "ProcessId":  8968,
        "ProcessName":  "splunkd.exe",
        "Path":  "C:\\Program Files\\SplunkUniversalForwarder\\bin\\splunkd.exe",
        "CommandLine":  "\"C:\\Program Files\\SplunkUniversalForwarder\\bin\\splunkd.exe\" service",
        "Description":  "splunkd.exe",
        "CreationDate":  "2022-08-31T21:09:14.923581Z",
        "User":  null
    },
    {
        "ParentProcessId":  8968,
        "ProcessId":  8064,
        "ProcessName":  "conhost.exe",
        "Path":  "C:\\Windows\\system32\\conhost.exe",
        "CommandLine":  "\\??\\C:\\Windows\\system32\\conhost.exe 0x4",
        "Description":  "conhost.exe",
        "CreationDate":  "2022-08-31T21:09:15.327118Z",
        "User":  null
    },
    {
        "ParentProcessId":  8968,
        "ProcessId":  360,
        "ProcessName":  "streamfwd.exe",
        "Path":  "C:\\Program Files\\SplunkUniversalForwarder\\etc\\apps\\Splunk_TA_stream\\windows_x86_64\\bin\\streamfwd.exe",
        "CommandLine":  "\"C:\\Program Files\\SplunkUniversalForwarder\\etc\\apps\\Splunk_TA_stream\\windows_x86_64\\bin\\streamfwd.exe\"",
        "Description":  "streamfwd.exe",
        "CreationDate":  "2022-08-31T21:09:22.139736Z",
        "User":  null
    },
    {
        "ParentProcessId":  8968,
        "ProcessId":  9132,
        "ProcessName":  "splunk-winevtlog.exe",
        "Path":  "C:\\Program Files\\SplunkUniversalForwarder\\bin\\splunk-winevtlog.exe",
        "CommandLine":  "\"C:\\Program Files\\SplunkUniversalForwarder\\bin\\splunk-winevtlog.exe\"",
        "Description":  "splunk-winevtlog.exe",
        "CreationDate":  "2022-08-31T21:09:28.155373Z",
        "User":  null
    },
    {
        "ParentProcessId":  732,
        "ProcessId":  604,
        "ProcessName":  "WmiPrvSE.exe",
        "Path":  "C:\\Windows\\system32\\wbem\\wmiprvse.exe",
        "CommandLine":  "C:\\Windows\\system32\\wbem\\wmiprvse.exe",
        "Description":  "WmiPrvSE.exe",
        "CreationDate":  "2022-09-01T12:18:13.459525Z",
        "User":  null
    },
    {
        "ParentProcessId":  628,
        "ProcessId":  1976,
        "ProcessName":  "TrustedInstaller.exe",
        "Path":  "C:\\Windows\\servicing\\TrustedInstaller.exe",
        "CommandLine":  "C:\\Windows\\servicing\\TrustedInstaller.exe",
        "Description":  "TrustedInstaller.exe",
        "CreationDate":  "2022-09-01T12:18:13.516070Z",
        "User":  null
    },
    {
        "ParentProcessId":  732,
        "ProcessId":  6280,
        "ProcessName":  "TiWorker.exe",
        "Path":  "C:\\Windows\\winsxs\\amd64_microsoft-windows-servicingstack_31bf3856ad364e35_10.0.14393.5121_none_7f1e2eb821dcc63a\\TiWorker.exe",
        "CommandLine":  "C:\\Windows\\winsxs\\amd64_microsoft-windows-servicingstack_31bf3856ad364e35_10.0.14393.5121_none_7f1e2eb821dcc63a\\TiWorker.exe -Embedding",
        "Description":  "TiWorker.exe",
        "CreationDate":  "2022-09-01T12:18:13.534718Z",
        "User":  null
    }
]
