{
    "session_id":  "bae1cbf3-3ac6-47bc-99a3-c231251e6d01",
    "start_time":  "2022-09-01T12:18:21.479669Z",
    "end_time":  "2022-09-01T12:18:42.604694Z",
    "hosts":  {
                  "start_time":  "2022-09-01T12:18:21.635931Z",
                  "end_time":  "2022-09-01T12:18:42.792201Z",
                  "host_name":  "win-host-mhaag-attack-range-117",
                  "host_key":  "",
                  "machine_type":  "victim",
                  "os_type":  "windows",
                  "os_version":  "Microsoft Windows Server 2016 Datacenter"
              }
}
