{
    "session_id":  "4fd47dac-6090-451c-977e-2da96af05d6b",
    "start_time":  "2022-08-31T17:46:45.197821Z",
    "end_time":  "2022-08-31T17:48:41.545700Z",
    "hosts":  {
                  "start_time":  "2022-08-31T17:46:45.338447Z",
                  "end_time":  "2022-08-31T17:48:41.795710Z",
                  "host_name":  "win-dc-mhaag-attack-range-602",
                  "host_key":  "",
                  "machine_type":  "victim",
                  "os_type":  "windows",
                  "os_version":  "Microsoft Windows Server 2016 Datacenter"
              }
}
