[
    {
        "ParentProcessId":  0,
        "ProcessId":  0,
        "ProcessName":  "System Idle Process",
        "Path":  null,
        "CommandLine":  null,
        "Description":  "System Idle Process",
        "CreationDate":  "2022-08-17T12:56:53.311332Z",
        "User":  null
    },
    {
        "ParentProcessId":  0,
        "ProcessId":  4,
        "ProcessName":  "System",
        "Path":  null,
        "CommandLine":  null,
        "Description":  "System",
        "CreationDate":  "2022-08-17T12:56:53.311332Z",
        "User":  null
    },
    {
        "ParentProcessId":  4,
        "ProcessId":  320,
        "ProcessName":  "smss.exe",
        "Path":  null,
        "CommandLine":  null,
        "Description":  "smss.exe",
        "CreationDate":  "2022-08-17T12:56:53.320156Z",
        "User":  null
    },
    {
        "ParentProcessId":  412,
        "ProcessId":  420,
        "ProcessName":  "csrss.exe",
        "Path":  null,
        "CommandLine":  null,
        "Description":  "csrss.exe",
        "CreationDate":  "2022-08-17T12:56:56.022457Z",
        "User":  null
    },
    {
        "ParentProcessId":  412,
        "ProcessId":  508,
        "ProcessName":  "wininit.exe",
        "Path":  null,
        "CommandLine":  null,
        "Description":  "wininit.exe",
        "CreationDate":  "2022-08-17T12:56:56.157921Z",
        "User":  null
    },
    {
        "ParentProcessId":  500,
        "ProcessId":  516,
        "ProcessName":  "csrss.exe",
        "Path":  null,
        "CommandLine":  null,
        "Description":  "csrss.exe",
        "CreationDate":  "2022-08-17T12:56:56.160405Z",
        "User":  null
    },
    {
        "ParentProcessId":  500,
        "ProcessId":  592,
        "ProcessName":  "winlogon.exe",
        "Path":  "C:\\Windows\\system32\\winlogon.exe",
        "CommandLine":  "winlogon.exe",
        "Description":  "winlogon.exe",
        "CreationDate":  "2022-08-17T12:56:56.196145Z",
        "User":  null
    },
    {
        "ParentProcessId":  508,
        "ProcessId":  644,
        "ProcessName":  "services.exe",
        "Path":  null,
        "CommandLine":  null,
        "Description":  "services.exe",
        "CreationDate":  "2022-08-17T12:56:56.323380Z",
        "User":  null
    },
    {
        "ParentProcessId":  508,
        "ProcessId":  652,
        "ProcessName":  "lsass.exe",
        "Path":  "C:\\Windows\\system32\\lsass.exe",
        "CommandLine":  "C:\\Windows\\system32\\lsass.exe",
        "Description":  "lsass.exe",
        "CreationDate":  "2022-08-17T12:56:56.371790Z",
        "User":  null
    },
    {
        "ParentProcessId":  644,
        "ProcessId":  856,
        "ProcessName":  "svchost.exe",
        "Path":  "C:\\Windows\\system32\\svchost.exe",
        "CommandLine":  "C:\\Windows\\system32\\svchost.exe -k DcomLaunch",
        "Description":  "svchost.exe",
        "CreationDate":  "2022-08-17T12:56:57.894502Z",
        "User":  null
    },
    {
        "ParentProcessId":  644,
        "ProcessId":  920,
        "ProcessName":  "svchost.exe",
        "Path":  "C:\\Windows\\system32\\svchost.exe",
        "CommandLine":  "C:\\Windows\\system32\\svchost.exe -k RPCSS",
        "Description":  "svchost.exe",
        "CreationDate":  "2022-08-17T12:56:58.063635Z",
        "User":  null
    },
    {
        "ParentProcessId":  592,
        "ProcessId":  288,
        "ProcessName":  "LogonUI.exe",
        "Path":  "C:\\Windows\\system32\\LogonUI.exe",
        "CommandLine":  "\"LogonUI.exe\" /flags:0x2 /state0:0xa3b4a855 /state1:0x41c64e6d",
        "Description":  "LogonUI.exe",
        "CreationDate":  "2022-08-17T12:56:58.258358Z",
        "User":  null
    },
    {
        "ParentProcessId":  644,
        "ProcessId":  96,
        "ProcessName":  "svchost.exe",
        "Path":  "C:\\Windows\\System32\\svchost.exe",
        "CommandLine":  "C:\\Windows\\System32\\svchost.exe -k termsvcs",
        "Description":  "svchost.exe",
        "CreationDate":  "2022-08-17T12:56:58.263912Z",
        "User":  null
    },
    {
        "ParentProcessId":  644,
        "ProcessId":  380,
        "ProcessName":  "svchost.exe",
        "Path":  "C:\\Windows\\system32\\svchost.exe",
        "CommandLine":  "C:\\Windows\\system32\\svchost.exe -k netsvcs",
        "Description":  "svchost.exe",
        "CreationDate":  "2022-08-17T12:56:58.263950Z",
        "User":  null
    },
    {
        "ParentProcessId":  644,
        "ProcessId":  360,
        "ProcessName":  "svchost.exe",
        "Path":  "C:\\Windows\\system32\\svchost.exe",
        "CommandLine":  "C:\\Windows\\system32\\svchost.exe -k LocalService",
        "Description":  "svchost.exe",
        "CreationDate":  "2022-08-17T12:56:58.281509Z",
        "User":  null
    },
    {
        "ParentProcessId":  644,
        "ProcessId":  784,
        "ProcessName":  "svchost.exe",
        "Path":  "C:\\Windows\\System32\\svchost.exe",
        "CommandLine":  "C:\\Windows\\System32\\svchost.exe -k LocalServiceNetworkRestricted",
        "Description":  "svchost.exe",
        "CreationDate":  "2022-08-17T12:56:58.281614Z",
        "User":  null
    },
    {
        "ParentProcessId":  644,
        "ProcessId":  1032,
        "ProcessName":  "svchost.exe",
        "Path":  "C:\\Windows\\System32\\svchost.exe",
        "CommandLine":  "C:\\Windows\\System32\\svchost.exe -k LocalSystemNetworkRestricted",
        "Description":  "svchost.exe",
        "CreationDate":  "2022-08-17T12:56:58.298274Z",
        "User":  null
    },
    {
        "ParentProcessId":  644,
        "ProcessId":  1084,
        "ProcessName":  "svchost.exe",
        "Path":  "C:\\Windows\\system32\\svchost.exe",
        "CommandLine":  "C:\\Windows\\system32\\svchost.exe -k NetworkService",
        "Description":  "svchost.exe",
        "CreationDate":  "2022-08-17T12:56:58.307087Z",
        "User":  null
    },
    {
        "ParentProcessId":  592,
        "ProcessId":  1148,
        "ProcessName":  "dwm.exe",
        "Path":  "C:\\Windows\\system32\\dwm.exe",
        "CommandLine":  "\"dwm.exe\"",
        "Description":  "dwm.exe",
        "CreationDate":  "2022-08-17T12:56:58.322997Z",
        "User":  null
    },
    {
        "ParentProcessId":  644,
        "ProcessId":  1320,
        "ProcessName":  "svchost.exe",
        "Path":  "C:\\Windows\\system32\\svchost.exe",
        "CommandLine":  "C:\\Windows\\system32\\svchost.exe -k LocalServiceNoNetwork",
        "Description":  "svchost.exe",
        "CreationDate":  "2022-08-17T12:56:58.420200Z",
        "User":  null
    },
    {
        "ParentProcessId":  644,
        "ProcessId":  1464,
        "ProcessName":  "svchost.exe",
        "Path":  "C:\\Windows\\system32\\svchost.exe",
        "CommandLine":  "C:\\Windows\\system32\\svchost.exe -k LocalServiceNetworkRestricted",
        "Description":  "svchost.exe",
        "CreationDate":  "2022-08-17T12:56:58.483878Z",
        "User":  null
    },
    {
        "ParentProcessId":  644,
        "ProcessId":  1632,
        "ProcessName":  "svchost.exe",
        "Path":  "C:\\Windows\\system32\\svchost.exe",
        "CommandLine":  "C:\\Windows\\system32\\svchost.exe -k NetworkServiceNetworkRestricted",
        "Description":  "svchost.exe",
        "CreationDate":  "2022-08-17T12:56:59.043045Z",
        "User":  null
    },
    {
        "ParentProcessId":  644,
        "ProcessId":  2360,
        "ProcessName":  "svchost.exe",
        "Path":  "C:\\Windows\\System32\\svchost.exe",
        "CommandLine":  "C:\\Windows\\System32\\svchost.exe -k smbsvcs",
        "Description":  "svchost.exe",
        "CreationDate":  "2022-08-17T12:57:07.871900Z",
        "User":  null
    },
    {
        "ParentProcessId":  644,
        "ProcessId":  2504,
        "ProcessName":  "spoolsv.exe",
        "Path":  "C:\\Windows\\System32\\spoolsv.exe",
        "CommandLine":  "C:\\Windows\\System32\\spoolsv.exe",
        "Description":  "spoolsv.exe",
        "CreationDate":  "2022-08-17T12:57:11.985490Z",
        "User":  null
    },
    {
        "ParentProcessId":  644,
        "ProcessId":  2568,
        "ProcessName":  "Microsoft.ActiveDirectory.WebServices.exe",
        "Path":  "C:\\Windows\\ADWS\\Microsoft.ActiveDirectory.WebServices.exe",
        "CommandLine":  "C:\\Windows\\ADWS\\Microsoft.ActiveDirectory.WebServices.exe",
        "Description":  "Microsoft.ActiveDirectory.WebServices.exe",
        "CreationDate":  "2022-08-17T12:57:12.060887Z",
        "User":  null
    },
    {
        "ParentProcessId":  644,
        "ProcessId":  2664,
        "ProcessName":  "svchost.exe",
        "Path":  "C:\\Windows\\system32\\svchost.exe",
        "CommandLine":  "C:\\Windows\\system32\\svchost.exe -k appmodel",
        "Description":  "svchost.exe",
        "CreationDate":  "2022-08-17T12:57:12.080379Z",
        "User":  null
    },
    {
        "ParentProcessId":  644,
        "ProcessId":  2672,
        "ProcessName":  "ismserv.exe",
        "Path":  "C:\\Windows\\System32\\ismserv.exe",
        "CommandLine":  "C:\\Windows\\System32\\ismserv.exe",
        "Description":  "ismserv.exe",
        "CreationDate":  "2022-08-17T12:57:12.082480Z",
        "User":  null
    },
    {
        "ParentProcessId":  644,
        "ProcessId":  2688,
        "ProcessName":  "dfsrs.exe",
        "Path":  "C:\\Windows\\system32\\DFSRs.exe",
        "CommandLine":  "C:\\Windows\\system32\\DFSRs.exe",
        "Description":  "dfsrs.exe",
        "CreationDate":  "2022-08-17T12:57:12.089337Z",
        "User":  null
    },
    {
        "ParentProcessId":  644,
        "ProcessId":  2708,
        "ProcessName":  "amazon-ssm-agent.exe",
        "Path":  "C:\\Program Files\\Amazon\\SSM\\amazon-ssm-agent.exe",
        "CommandLine":  "\"C:\\Program Files\\Amazon\\SSM\\amazon-ssm-agent.exe\"",
        "Description":  "amazon-ssm-agent.exe",
        "CreationDate":  "2022-08-17T12:57:12.094574Z",
        "User":  null
    },
    {
        "ParentProcessId":  644,
        "ProcessId":  2776,
        "ProcessName":  "dns.exe",
        "Path":  "C:\\Windows\\system32\\dns.exe",
        "CommandLine":  "C:\\Windows\\system32\\dns.exe",
        "Description":  "dns.exe",
        "CreationDate":  "2022-08-17T12:57:12.146029Z",
        "User":  null
    },
    {
        "ParentProcessId":  644,
        "ProcessId":  2804,
        "ProcessName":  "dfssvc.exe",
        "Path":  "C:\\Windows\\system32\\dfssvc.exe",
        "CommandLine":  "C:\\Windows\\system32\\dfssvc.exe",
        "Description":  "dfssvc.exe",
        "CreationDate":  "2022-08-17T12:57:12.169192Z",
        "User":  null
    },
    {
        "ParentProcessId":  644,
        "ProcessId":  3084,
        "ProcessName":  "vds.exe",
        "Path":  "C:\\Windows\\System32\\vds.exe",
        "CommandLine":  "C:\\Windows\\System32\\vds.exe",
        "Description":  "vds.exe",
        "CreationDate":  "2022-08-17T12:57:13.319660Z",
        "User":  null
    },
    {
        "ParentProcessId":  2708,
        "ProcessId":  3360,
        "ProcessName":  "ssm-agent-worker.exe",
        "Path":  "C:\\Program Files\\Amazon\\SSM\\ssm-agent-worker.exe",
        "CommandLine":  "\"C:\\Program Files\\Amazon\\SSM\\ssm-agent-worker.exe\"",
        "Description":  "ssm-agent-worker.exe",
        "CreationDate":  "2022-08-17T12:57:13.945025Z",
        "User":  null
    },
    {
        "ParentProcessId":  3360,
        "ProcessId":  3444,
        "ProcessName":  "conhost.exe",
        "Path":  "C:\\Windows\\system32\\conhost.exe",
        "CommandLine":  "\\??\\C:\\Windows\\system32\\conhost.exe 0x4",
        "Description":  "conhost.exe",
        "CreationDate":  "2022-08-17T12:57:14.164061Z",
        "User":  null
    },
    {
        "ParentProcessId":  644,
        "ProcessId":  536,
        "ProcessName":  "msdtc.exe",
        "Path":  "C:\\Windows\\System32\\msdtc.exe",
        "CommandLine":  "C:\\Windows\\System32\\msdtc.exe",
        "Description":  "msdtc.exe",
        "CreationDate":  "2022-08-17T12:59:13.784101Z",
        "User":  null
    },
    {
        "ParentProcessId":  4272,
        "ProcessId":  4280,
        "ProcessName":  "csrss.exe",
        "Path":  null,
        "CommandLine":  null,
        "Description":  "csrss.exe",
        "CreationDate":  "2022-08-17T19:16:14.536900Z",
        "User":  null
    },
    {
        "ParentProcessId":  4272,
        "ProcessId":  4324,
        "ProcessName":  "winlogon.exe",
        "Path":  "C:\\Windows\\system32\\winlogon.exe",
        "CommandLine":  "winlogon.exe",
        "Description":  "winlogon.exe",
        "CreationDate":  "2022-08-17T19:16:14.552572Z",
        "User":  null
    },
    {
        "ParentProcessId":  4324,
        "ProcessId":  4436,
        "ProcessName":  "dwm.exe",
        "Path":  "C:\\Windows\\system32\\dwm.exe",
        "CommandLine":  "\"dwm.exe\"",
        "Description":  "dwm.exe",
        "CreationDate":  "2022-08-17T19:16:14.775900Z",
        "User":  null
    },
    {
        "ParentProcessId":  96,
        "ProcessId":  5040,
        "ProcessName":  "rdpclip.exe",
        "Path":  "C:\\Windows\\System32\\rdpclip.exe",
        "CommandLine":  "rdpclip",
        "Description":  "rdpclip.exe",
        "CreationDate":  "2022-08-17T19:16:37.107551Z",
        "User":  null
    },
    {
        "ParentProcessId":  856,
        "ProcessId":  5060,
        "ProcessName":  "RuntimeBroker.exe",
        "Path":  "C:\\Windows\\System32\\RuntimeBroker.exe",
        "CommandLine":  "C:\\Windows\\System32\\RuntimeBroker.exe -Embedding",
        "Description":  "RuntimeBroker.exe",
        "CreationDate":  "2022-08-17T19:16:37.169108Z",
        "User":  null
    },
    {
        "ParentProcessId":  380,
        "ProcessId":  4196,
        "ProcessName":  "sihost.exe",
        "Path":  "C:\\Windows\\system32\\sihost.exe",
        "CommandLine":  "sihost.exe",
        "Description":  "sihost.exe",
        "CreationDate":  "2022-08-17T19:16:37.303808Z",
        "User":  null
    },
    {
        "ParentProcessId":  644,
        "ProcessId":  2556,
        "ProcessName":  "svchost.exe",
        "Path":  "C:\\Windows\\system32\\svchost.exe",
        "CommandLine":  "C:\\Windows\\system32\\svchost.exe -k UnistackSvcGroup",
        "Description":  "svchost.exe",
        "CreationDate":  "2022-08-17T19:16:37.310237Z",
        "User":  null
    },
    {
        "ParentProcessId":  380,
        "ProcessId":  1172,
        "ProcessName":  "taskhostw.exe",
        "Path":  "C:\\Windows\\system32\\taskhostw.exe",
        "CommandLine":  "taskhostw.exe {222A245B-E637-4AE9-A93F-A59CA119A75E}",
        "Description":  "taskhostw.exe",
        "CreationDate":  "2022-08-17T19:16:37.338240Z",
        "User":  null
    },
    {
        "ParentProcessId":  5940,
        "ProcessId":  4772,
        "ProcessName":  "powershell.exe",
        "Path":  "C:\\Windows\\System32\\WindowsPowerShell\\v1.0\\powershell.exe",
        "CommandLine":  "\"C:\\Windows\\System32\\WindowsPowerShell\\v1.0\\powershell.exe\" ",
        "Description":  "powershell.exe",
        "CreationDate":  "2022-08-29T13:43:59.398633Z",
        "User":  null
    },
    {
        "ParentProcessId":  4772,
        "ProcessId":  616,
        "ProcessName":  "conhost.exe",
        "Path":  "C:\\Windows\\system32\\conhost.exe",
        "CommandLine":  "\\??\\C:\\Windows\\system32\\conhost.exe 0x4",
        "Description":  "conhost.exe",
        "CreationDate":  "2022-08-29T13:43:59.416352Z",
        "User":  null
    },
    {
        "ParentProcessId":  644,
        "ProcessId":  6308,
        "ProcessName":  "splunkd.exe",
        "Path":  "C:\\Program Files\\SplunkUniversalForwarder\\bin\\splunkd.exe",
        "CommandLine":  "\"C:\\Program Files\\SplunkUniversalForwarder\\bin\\splunkd.exe\" service",
        "Description":  "splunkd.exe",
        "CreationDate":  "2022-08-29T13:44:06.056613Z",
        "User":  null
    },
    {
        "ParentProcessId":  6308,
        "ProcessId":  6156,
        "ProcessName":  "conhost.exe",
        "Path":  "C:\\Windows\\system32\\conhost.exe",
        "CommandLine":  "\\??\\C:\\Windows\\system32\\conhost.exe 0x4",
        "Description":  "conhost.exe",
        "CreationDate":  "2022-08-29T13:44:07.156344Z",
        "User":  null
    },
    {
        "ParentProcessId":  6308,
        "ProcessId":  4288,
        "ProcessName":  "streamfwd.exe",
        "Path":  "C:\\Program Files\\SplunkUniversalForwarder\\etc\\apps\\Splunk_TA_stream\\windows_x86_64\\bin\\streamfwd.exe",
        "CommandLine":  "\"C:\\Program Files\\SplunkUniversalForwarder\\etc\\apps\\Splunk_TA_stream\\windows_x86_64\\bin\\streamfwd.exe\"",
        "Description":  "streamfwd.exe",
        "CreationDate":  "2022-08-29T13:44:15.257358Z",
        "User":  null
    },
    {
        "ParentProcessId":  6308,
        "ProcessId":  6448,
        "ProcessName":  "splunk-winevtlog.exe",
        "Path":  "C:\\Program Files\\SplunkUniversalForwarder\\bin\\splunk-winevtlog.exe",
        "CommandLine":  "\"C:\\Program Files\\SplunkUniversalForwarder\\bin\\splunk-winevtlog.exe\"",
        "Description":  "splunk-winevtlog.exe",
        "CreationDate":  "2022-08-29T13:44:21.319863Z",
        "User":  null
    },
    {
        "ParentProcessId":  380,
        "ProcessId":  6908,
        "ProcessName":  "explorer.exe",
        "Path":  "C:\\Windows\\explorer.exe",
        "CommandLine":  "C:\\Windows\\explorer.exe /NOUACCHECK",
        "Description":  "explorer.exe",
        "CreationDate":  "2022-08-31T17:28:43.979485Z",
        "User":  null
    },
    {
        "ParentProcessId":  856,
        "ProcessId":  4584,
        "ProcessName":  "ShellExperienceHost.exe",
        "Path":  "C:\\Windows\\SystemApps\\ShellExperienceHost_cw5n1h2txyewy\\ShellExperienceHost.exe",
        "CommandLine":  "\"C:\\Windows\\SystemApps\\ShellExperienceHost_cw5n1h2txyewy\\ShellExperienceHost.exe\" -ServerName:App.AppXtk181tbxbce2qsex02s8tw7hfxa9xb3t.mca",
        "Description":  "ShellExperienceHost.exe",
        "CreationDate":  "2022-08-31T17:28:44.707934Z",
        "User":  null
    },
    {
        "ParentProcessId":  856,
        "ProcessId":  3148,
        "ProcessName":  "SearchUI.exe",
        "Path":  "C:\\Windows\\SystemApps\\Microsoft.Windows.Cortana_cw5n1h2txyewy\\SearchUI.exe",
        "CommandLine":  "\"C:\\Windows\\SystemApps\\Microsoft.Windows.Cortana_cw5n1h2txyewy\\SearchUI.exe\" -ServerName:CortanaUI.AppXa50dqqa5gqv4a428c9y1jjw7m3btvepj.mca",
        "Description":  "SearchUI.exe",
        "CreationDate":  "2022-08-31T17:28:45.036060Z",
        "User":  null
    },
    {
        "ParentProcessId":  644,
        "ProcessId":  5216,
        "ProcessName":  "sysmon64.exe",
        "Path":  "C:\\Windows\\sysmon64.exe",
        "CommandLine":  "C:\\Windows\\sysmon64.exe",
        "Description":  "sysmon64.exe",
        "CreationDate":  "2022-08-31T17:28:57.547249Z",
        "User":  null
    },
    {
        "ParentProcessId":  856,
        "ProcessId":  6840,
        "ProcessName":  "unsecapp.exe",
        "Path":  "C:\\Windows\\system32\\wbem\\unsecapp.exe",
        "CommandLine":  "C:\\Windows\\system32\\wbem\\unsecapp.exe -Embedding",
        "Description":  "unsecapp.exe",
        "CreationDate":  "2022-08-31T17:28:57.588050Z",
        "User":  null
    },
    {
        "ParentProcessId":  644,
        "ProcessId":  4292,
        "ProcessName":  "svchost.exe",
        "Path":  "C:\\Windows\\System32\\svchost.exe",
        "CommandLine":  "C:\\Windows\\System32\\svchost.exe -k smphost",
        "Description":  "svchost.exe",
        "CreationDate":  "2022-08-31T17:32:48.928356Z",
        "User":  null
    },
    {
        "ParentProcessId":  644,
        "ProcessId":  5816,
        "ProcessName":  "VSSVC.exe",
        "Path":  "C:\\Windows\\system32\\vssvc.exe",
        "CommandLine":  "C:\\Windows\\system32\\vssvc.exe",
        "Description":  "VSSVC.exe",
        "CreationDate":  "2022-08-31T17:34:44.876981Z",
        "User":  null
    },
    {
        "ParentProcessId":  644,
        "ProcessId":  4944,
        "ProcessName":  "svchost.exe",
        "Path":  "C:\\Windows\\System32\\svchost.exe",
        "CommandLine":  "C:\\Windows\\System32\\svchost.exe -k swprv",
        "Description":  "svchost.exe",
        "CreationDate":  "2022-08-31T17:34:45.167728Z",
        "User":  null
    },
    {
        "ParentProcessId":  6908,
        "ProcessId":  2316,
        "ProcessName":  "powershell.exe",
        "Path":  "C:\\Windows\\System32\\WindowsPowerShell\\v1.0\\powershell.exe",
        "CommandLine":  "\"C:\\Windows\\System32\\WindowsPowerShell\\v1.0\\powershell.exe\" ",
        "Description":  "powershell.exe",
        "CreationDate":  "2022-08-31T17:45:16.441279Z",
        "User":  null
    },
    {
        "ParentProcessId":  2316,
        "ProcessId":  4336,
        "ProcessName":  "conhost.exe",
        "Path":  "C:\\Windows\\system32\\conhost.exe",
        "CommandLine":  "\\??\\C:\\Windows\\system32\\conhost.exe 0x4",
        "Description":  "conhost.exe",
        "CreationDate":  "2022-08-31T17:45:16.452707Z",
        "User":  null
    },
    {
        "ParentProcessId":  856,
        "ProcessId":  3700,
        "ProcessName":  "WmiPrvSE.exe",
        "Path":  "C:\\Windows\\system32\\wbem\\wmiprvse.exe",
        "CommandLine":  "C:\\Windows\\system32\\wbem\\wmiprvse.exe",
        "Description":  "WmiPrvSE.exe",
        "CreationDate":  "2022-08-31T17:45:25.127611Z",
        "User":  null
    },
    {
        "ParentProcessId":  856,
        "ProcessId":  544,
        "ProcessName":  "WmiPrvSE.exe",
        "Path":  "C:\\Windows\\system32\\wbem\\wmiprvse.exe",
        "CommandLine":  "C:\\Windows\\system32\\wbem\\wmiprvse.exe",
        "Description":  "WmiPrvSE.exe",
        "CreationDate":  "2022-08-31T17:46:35.888699Z",
        "User":  null
    },
    {
        "ParentProcessId":  644,
        "ProcessId":  2696,
        "ProcessName":  "TrustedInstaller.exe",
        "Path":  "C:\\Windows\\servicing\\TrustedInstaller.exe",
        "CommandLine":  "C:\\Windows\\servicing\\TrustedInstaller.exe",
        "Description":  "TrustedInstaller.exe",
        "CreationDate":  "2022-08-31T17:46:35.983204Z",
        "User":  null
    },
    {
        "ParentProcessId":  856,
        "ProcessId":  4568,
        "ProcessName":  "TiWorker.exe",
        "Path":  "C:\\Windows\\winsxs\\amd64_microsoft-windows-servicingstack_31bf3856ad364e35_10.0.14393.5121_none_7f1e2eb821dcc63a\\TiWorker.exe",
        "CommandLine":  "C:\\Windows\\winsxs\\amd64_microsoft-windows-servicingstack_31bf3856ad364e35_10.0.14393.5121_none_7f1e2eb821dcc63a\\TiWorker.exe -Embedding",
        "Description":  "TiWorker.exe",
        "CreationDate":  "2022-08-31T17:46:36.019642Z",
        "User":  null
    }
]
