"ParentProcessId","ProcessId","ProcessName","Path","CommandLine","Description","CreationDate","User"
"0","0","System Idle Process",,,"System Idle Process","2022-08-17T12:56:53.311332Z",
"0","4","System",,,"System","2022-08-17T12:56:53.311332Z",
"4","320","smss.exe",,,"smss.exe","2022-08-17T12:56:53.320156Z",
"412","420","csrss.exe",,,"csrss.exe","2022-08-17T12:56:56.022457Z",
"412","508","wininit.exe",,,"wininit.exe","2022-08-17T12:56:56.157921Z",
"500","516","csrss.exe",,,"csrss.exe","2022-08-17T12:56:56.160405Z",
"500","592","winlogon.exe","C:\Windows\system32\winlogon.exe","winlogon.exe","winlogon.exe","2022-08-17T12:56:56.196145Z",
"508","644","services.exe",,,"services.exe","2022-08-17T12:56:56.323380Z",
"508","652","lsass.exe","C:\Windows\system32\lsass.exe","C:\Windows\system32\lsass.exe","lsass.exe","2022-08-17T12:56:56.371790Z",
"644","856","svchost.exe","C:\Windows\system32\svchost.exe","C:\Windows\system32\svchost.exe -k DcomLaunch","svchost.exe","2022-08-17T12:56:57.894502Z",
"644","920","svchost.exe","C:\Windows\system32\svchost.exe","C:\Windows\system32\svchost.exe -k RPCSS","svchost.exe","2022-08-17T12:56:58.063635Z",
"592","288","LogonUI.exe","C:\Windows\system32\LogonUI.exe","""LogonUI.exe"" /flags:0x2 /state0:0xa3b4a855 /state1:0x41c64e6d","LogonUI.exe","2022-08-17T12:56:58.258358Z",
"644","96","svchost.exe","C:\Windows\System32\svchost.exe","C:\Windows\System32\svchost.exe -k termsvcs","svchost.exe","2022-08-17T12:56:58.263912Z",
"644","380","svchost.exe","C:\Windows\system32\svchost.exe","C:\Windows\system32\svchost.exe -k netsvcs","svchost.exe","2022-08-17T12:56:58.263950Z",
"644","360","svchost.exe","C:\Windows\system32\svchost.exe","C:\Windows\system32\svchost.exe -k LocalService","svchost.exe","2022-08-17T12:56:58.281509Z",
"644","784","svchost.exe","C:\Windows\System32\svchost.exe","C:\Windows\System32\svchost.exe -k LocalServiceNetworkRestricted","svchost.exe","2022-08-17T12:56:58.281614Z",
"644","1032","svchost.exe","C:\Windows\System32\svchost.exe","C:\Windows\System32\svchost.exe -k LocalSystemNetworkRestricted","svchost.exe","2022-08-17T12:56:58.298274Z",
"644","1084","svchost.exe","C:\Windows\system32\svchost.exe","C:\Windows\system32\svchost.exe -k NetworkService","svchost.exe","2022-08-17T12:56:58.307087Z",
"592","1148","dwm.exe","C:\Windows\system32\dwm.exe","""dwm.exe""","dwm.exe","2022-08-17T12:56:58.322997Z",
"644","1320","svchost.exe","C:\Windows\system32\svchost.exe","C:\Windows\system32\svchost.exe -k LocalServiceNoNetwork","svchost.exe","2022-08-17T12:56:58.420200Z",
"644","1464","svchost.exe","C:\Windows\system32\svchost.exe","C:\Windows\system32\svchost.exe -k LocalServiceNetworkRestricted","svchost.exe","2022-08-17T12:56:58.483878Z",
"644","1632","svchost.exe","C:\Windows\system32\svchost.exe","C:\Windows\system32\svchost.exe -k NetworkServiceNetworkRestricted","svchost.exe","2022-08-17T12:56:59.043045Z",
"644","2360","svchost.exe","C:\Windows\System32\svchost.exe","C:\Windows\System32\svchost.exe -k smbsvcs","svchost.exe","2022-08-17T12:57:07.871900Z",
"644","2504","spoolsv.exe","C:\Windows\System32\spoolsv.exe","C:\Windows\System32\spoolsv.exe","spoolsv.exe","2022-08-17T12:57:11.985490Z",
"644","2568","Microsoft.ActiveDirectory.WebServices.exe","C:\Windows\ADWS\Microsoft.ActiveDirectory.WebServices.exe","C:\Windows\ADWS\Microsoft.ActiveDirectory.WebServices.exe","Microsoft.ActiveDirectory.WebServices.exe","2022-08-17T12:57:12.060887Z",
"644","2664","svchost.exe","C:\Windows\system32\svchost.exe","C:\Windows\system32\svchost.exe -k appmodel","svchost.exe","2022-08-17T12:57:12.080379Z",
"644","2672","ismserv.exe","C:\Windows\System32\ismserv.exe","C:\Windows\System32\ismserv.exe","ismserv.exe","2022-08-17T12:57:12.082480Z",
"644","2688","dfsrs.exe","C:\Windows\system32\DFSRs.exe","C:\Windows\system32\DFSRs.exe","dfsrs.exe","2022-08-17T12:57:12.089337Z",
"644","2708","amazon-ssm-agent.exe","C:\Program Files\Amazon\SSM\amazon-ssm-agent.exe","""C:\Program Files\Amazon\SSM\amazon-ssm-agent.exe""","amazon-ssm-agent.exe","2022-08-17T12:57:12.094574Z",
"644","2776","dns.exe","C:\Windows\system32\dns.exe","C:\Windows\system32\dns.exe","dns.exe","2022-08-17T12:57:12.146029Z",
"644","2804","dfssvc.exe","C:\Windows\system32\dfssvc.exe","C:\Windows\system32\dfssvc.exe","dfssvc.exe","2022-08-17T12:57:12.169192Z",
"644","3084","vds.exe","C:\Windows\System32\vds.exe","C:\Windows\System32\vds.exe","vds.exe","2022-08-17T12:57:13.319660Z",
"2708","3360","ssm-agent-worker.exe","C:\Program Files\Amazon\SSM\ssm-agent-worker.exe","""C:\Program Files\Amazon\SSM\ssm-agent-worker.exe""","ssm-agent-worker.exe","2022-08-17T12:57:13.945025Z",
"3360","3444","conhost.exe","C:\Windows\system32\conhost.exe","\??\C:\Windows\system32\conhost.exe 0x4","conhost.exe","2022-08-17T12:57:14.164061Z",
"644","536","msdtc.exe","C:\Windows\System32\msdtc.exe","C:\Windows\System32\msdtc.exe","msdtc.exe","2022-08-17T12:59:13.784101Z",
"4272","4280","csrss.exe",,,"csrss.exe","2022-08-17T19:16:14.536900Z",
"4272","4324","winlogon.exe","C:\Windows\system32\winlogon.exe","winlogon.exe","winlogon.exe","2022-08-17T19:16:14.552572Z",
"4324","4436","dwm.exe","C:\Windows\system32\dwm.exe","""dwm.exe""","dwm.exe","2022-08-17T19:16:14.775900Z",
"96","5040","rdpclip.exe","C:\Windows\System32\rdpclip.exe","rdpclip","rdpclip.exe","2022-08-17T19:16:37.107551Z",
"856","5060","RuntimeBroker.exe","C:\Windows\System32\RuntimeBroker.exe","C:\Windows\System32\RuntimeBroker.exe -Embedding","RuntimeBroker.exe","2022-08-17T19:16:37.169108Z",
"380","4196","sihost.exe","C:\Windows\system32\sihost.exe","sihost.exe","sihost.exe","2022-08-17T19:16:37.303808Z",
"644","2556","svchost.exe","C:\Windows\system32\svchost.exe","C:\Windows\system32\svchost.exe -k UnistackSvcGroup","svchost.exe","2022-08-17T19:16:37.310237Z",
"380","1172","taskhostw.exe","C:\Windows\system32\taskhostw.exe","taskhostw.exe {222A245B-E637-4AE9-A93F-A59CA119A75E}","taskhostw.exe","2022-08-17T19:16:37.338240Z",
"5940","4772","powershell.exe","C:\Windows\System32\WindowsPowerShell\v1.0\powershell.exe","""C:\Windows\System32\WindowsPowerShell\v1.0\powershell.exe"" ","powershell.exe","2022-08-29T13:43:59.398633Z",
"4772","616","conhost.exe","C:\Windows\system32\conhost.exe","\??\C:\Windows\system32\conhost.exe 0x4","conhost.exe","2022-08-29T13:43:59.416352Z",
"644","6308","splunkd.exe","C:\Program Files\SplunkUniversalForwarder\bin\splunkd.exe","""C:\Program Files\SplunkUniversalForwarder\bin\splunkd.exe"" service","splunkd.exe","2022-08-29T13:44:06.056613Z",
"6308","6156","conhost.exe","C:\Windows\system32\conhost.exe","\??\C:\Windows\system32\conhost.exe 0x4","conhost.exe","2022-08-29T13:44:07.156344Z",
"6308","4288","streamfwd.exe","C:\Program Files\SplunkUniversalForwarder\etc\apps\Splunk_TA_stream\windows_x86_64\bin\streamfwd.exe","""C:\Program Files\SplunkUniversalForwarder\etc\apps\Splunk_TA_stream\windows_x86_64\bin\streamfwd.exe""","streamfwd.exe","2022-08-29T13:44:15.257358Z",
"6308","6448","splunk-winevtlog.exe","C:\Program Files\SplunkUniversalForwarder\bin\splunk-winevtlog.exe","""C:\Program Files\SplunkUniversalForwarder\bin\splunk-winevtlog.exe""","splunk-winevtlog.exe","2022-08-29T13:44:21.319863Z",
"380","6908","explorer.exe","C:\Windows\explorer.exe","C:\Windows\explorer.exe /NOUACCHECK","explorer.exe","2022-08-31T17:28:43.979485Z",
"856","4584","ShellExperienceHost.exe","C:\Windows\SystemApps\ShellExperienceHost_cw5n1h2txyewy\ShellExperienceHost.exe","""C:\Windows\SystemApps\ShellExperienceHost_cw5n1h2txyewy\ShellExperienceHost.exe"" -ServerName:App.AppXtk181tbxbce2qsex02s8tw7hfxa9xb3t.mca","ShellExperienceHost.exe","2022-08-31T17:28:44.707934Z",
"856","3148","SearchUI.exe","C:\Windows\SystemApps\Microsoft.Windows.Cortana_cw5n1h2txyewy\SearchUI.exe","""C:\Windows\SystemApps\Microsoft.Windows.Cortana_cw5n1h2txyewy\SearchUI.exe"" -ServerName:CortanaUI.AppXa50dqqa5gqv4a428c9y1jjw7m3btvepj.mca","SearchUI.exe","2022-08-31T17:28:45.036060Z",
"644","5216","sysmon64.exe","C:\Windows\sysmon64.exe","C:\Windows\sysmon64.exe","sysmon64.exe","2022-08-31T17:28:57.547249Z",
"856","6840","unsecapp.exe","C:\Windows\system32\wbem\unsecapp.exe","C:\Windows\system32\wbem\unsecapp.exe -Embedding","unsecapp.exe","2022-08-31T17:28:57.588050Z",
"644","4292","svchost.exe","C:\Windows\System32\svchost.exe","C:\Windows\System32\svchost.exe -k smphost","svchost.exe","2022-08-31T17:32:48.928356Z",
"644","5816","VSSVC.exe","C:\Windows\system32\vssvc.exe","C:\Windows\system32\vssvc.exe","VSSVC.exe","2022-08-31T17:34:44.876981Z",
"644","4944","svchost.exe","C:\Windows\System32\svchost.exe","C:\Windows\System32\svchost.exe -k swprv","svchost.exe","2022-08-31T17:34:45.167728Z",
"6908","2316","powershell.exe","C:\Windows\System32\WindowsPowerShell\v1.0\powershell.exe","""C:\Windows\System32\WindowsPowerShell\v1.0\powershell.exe"" ","powershell.exe","2022-08-31T17:45:16.441279Z",
"2316","4336","conhost.exe","C:\Windows\system32\conhost.exe","\??\C:\Windows\system32\conhost.exe 0x4","conhost.exe","2022-08-31T17:45:16.452707Z",
"856","3700","WmiPrvSE.exe","C:\Windows\system32\wbem\wmiprvse.exe","C:\Windows\system32\wbem\wmiprvse.exe","WmiPrvSE.exe","2022-08-31T17:45:25.127611Z",
"856","544","WmiPrvSE.exe","C:\Windows\system32\wbem\wmiprvse.exe","C:\Windows\system32\wbem\wmiprvse.exe","WmiPrvSE.exe","2022-08-31T17:46:35.888699Z",
"644","2696","TrustedInstaller.exe","C:\Windows\servicing\TrustedInstaller.exe","C:\Windows\servicing\TrustedInstaller.exe","TrustedInstaller.exe","2022-08-31T17:46:35.983204Z",
"856","4568","TiWorker.exe","C:\Windows\winsxs\amd64_microsoft-windows-servicingstack_31bf3856ad364e35_10.0.14393.5121_none_7f1e2eb821dcc63a\TiWorker.exe","C:\Windows\winsxs\amd64_microsoft-windows-servicingstack_31bf3856ad364e35_10.0.14393.5121_none_7f1e2eb821dcc63a\TiWorker.exe -Embedding","TiWorker.exe","2022-08-31T17:46:36.019642Z",
