{
    "session_id":  "529381b0-d3d3-43cc-b2e8-11d78927a4df",
    "start_time":  "2022-08-31T20:39:07.561400Z",
    "end_time":  "2022-08-31T20:39:21.498928Z",
    "hosts":  {
                  "start_time":  "2022-08-31T20:39:07.717662Z",
                  "end_time":  "2022-08-31T20:39:21.717681Z",
                  "host_name":  "win-host-mhaag-attack-range-117",
                  "host_key":  "",
                  "machine_type":  "victim",
                  "os_type":  "windows",
                  "os_version":  "Microsoft Windows Server 2016 Datacenter"
              }
}
